Nome,Endereço,Idade,Estado Civil
João Felipe Costela,"Viela de Almeida, 2
Vila Independencia 2ª Seção
28787644 Rezende / MA",90,Casado
Anthony da Mota,"Distrito de Rezende, 65
Nova Pampulha
90976478 Andrade da Serra / MA",25,Viúvo
Aurora Vargas,"Conjunto de Marques, 20
Vila Canto Do Sabiá
25871-664 Camargo / ES",63,Casado
Maria Flor da Paz,"Condomínio Albuquerque, 381
Jonas Veiga
37129527 Garcia / PR",73,Casado
Sabrina Marques,"Rua de Montenegro, 69
Havaí
03992-209 Monteiro / PI",57,Casado
Stella Costa,"Conjunto Correia, 270
Conjunto São Francisco De Assis
02176170 Carvalho da Prata / RN",26,Solteiro
Heloisa Borges,"Alameda Sampaio
Jardim Guanabara
77029627 Silveira do Campo / RS",59,Divorciado
Dra. Nicole Martins,"Praça de da Mata, 6
Mirtes
17363-945 Barros Paulista / DF",89,Solteiro
Dr. Gustavo Nogueira,"Núcleo Gonçalves, 95
Jardim São José
18761546 Lima / BA",78,Casado
Pietra Barbosa,"Fazenda Hadassa da Cunha, 87
Coração De Jesus
89370-600 Machado / PA",54,Divorciado
Danilo Casa Grande,"Setor Aragão, 2
Vila Jardim Leblon
11667-648 Andrade / PE",18,Solteiro
Isis Brito,"Setor Oliver da Cruz, 85
Marilandia
11742-235 Novais do Galho / TO",36,Viúvo
José Miguel Borges,"Esplanada Castro
Vila Paquetá
21325-204 Santos das Flores / SE",45,Viúvo
Eloah Cardoso,"Setor Moreira
Itatiaia
03954531 da Cunha / MA",20,Viúvo
Dom Rocha,"Quadra da Cunha, 600
Serra Do Curral
83892475 Silveira da Praia / RS",87,Solteiro
Sr. Yuri Aparecida,"Vereda de Melo, 70
Novo Ouro Preto
82491146 Lima das Flores / RJ",75,Divorciado
Sra. Maitê Azevedo,"Trevo Fogaça, 69
Santa Rita
21251176 Sampaio do Norte / ES",49,Divorciado
Sr. Gael Fernandes,"Ladeira de Ramos, 3
Mangueiras
42997115 Almeida do Oeste / PB",39,Divorciado
Bryan Ferreira,"Vila Liam Porto
Vila Puc
16895254 Peixoto da Mata / SC",85,Divorciado
Bruno Siqueira,"Alameda de Monteiro, 78
Comiteco
22997-744 Câmara / AC",21,Casado
Theo da Mota,"Quadra de Barbosa, 52
Graça
15803-036 Viana / AM",61,Divorciado
Benício Rocha,"Avenida de Azevedo, 29
Vila Boa Vista
99626-020 Aparecida da Praia / CE",59,Viúvo
Sr. João Guilherme da Cruz,"Largo Benjamim Azevedo, 29
Atila De Paiva
80401778 Fernandes do Amparo / MG",90,Solteiro
Diego da Rocha,"Via de da Rosa, 22
Mangueiras
41433-814 Machado da Praia / RS",57,Divorciado
Isabelly da Cruz,"Condomínio de Martins, 38
Camponesa 2ª Seção
98847-221 Vargas Paulista / DF",80,Solteiro
Alexia Vasconcelos,"Condomínio Murilo Vargas, 28
Vila São Geraldo
05137703 Borges / SC",28,Solteiro
Ana Clara Nascimento,"Largo Heloísa Costela, 42
Coração Eucarístico
08391-482 Nascimento / SP",36,Divorciado
Isabela Alves,"Viela Gael Henrique Nogueira
Santa Sofia
03802-250 Pastor de Cassiano / DF",90,Divorciado
Alice Moura,"Trevo Maria Clara Guerra, 81
Jardim Vitoria
44681-901 da Luz / TO",87,Divorciado
Sr. Vitor Gabriel da Conceição,"Lagoa Maysa Jesus, 51
Glória
44531-014 Gonçalves / PA",55,Viúvo
Manuela Borges,"Condomínio Cecília Vargas, 3
Heliopolis
49663-293 Leão Verde / MG",76,Casado
João Lucas Sampaio,"Loteamento da Rocha, 679
Etelvina Carneiro
30346609 Pinto / AL",29,Casado
Renan Montenegro,"Residencial de Almeida, 968
Vila São Paulo
47432-596 Nogueira / MG",77,Viúvo
Esther da Cunha,"Vereda Elisa Guerra, 16
Pilar
76533210 Pastor / CE",30,Solteiro
Amanda Jesus,"Loteamento Larissa Moura, 741
Flavio Marques Lisboa
38916-029 Lima / AL",59,Viúvo
Vitor Jesus,"Via de Sampaio
Cachoeirinha
49586-287 Sousa Alegre / SP",28,Divorciado
João Vitor da Cruz,"Campo Azevedo, 37
Vila Oeste
15764-394 Pimenta do Campo / MS",70,Solteiro
Vitor Hugo Oliveira,"Estrada Isadora Almeida, 75
Flamengo
71066343 Lopes / RN",69,Divorciado
Joaquim Dias,"Conjunto de Teixeira, 19
Solimoes
89780-253 Peixoto / RR",23,Casado
Yuri da Cruz,"Praia Melo, 22
São Vicente
57492-380 Sá / AM",39,Casado
Eduarda Rodrigues,"Viela Vasconcelos
Castanheira
96854-098 Macedo do Amparo / RO",32,Divorciado
Ana Laura Jesus,"Setor de Farias, 7
Olaria
55488-469 Silva Paulista / AP",45,Divorciado
Marcelo Correia,"Feira de Novaes, 5
Parque São José
67879583 Farias da Mata / BA",58,Casado
Vinícius Rodrigues,"Ladeira Marques
Confisco
67398-695 da Costa das Flores / RN",55,Divorciado
Dr. Matheus da Cunha,"Estação Rezende, 91
Anchieta
96493-004 Cunha / RR",52,Divorciado
Leandro Vieira,"Rua Lívia Moraes, 68
Vila Minaslandia
08803240 Brito dos Dourados / PB",77,Casado
Luiz Otávio Mendes,"Setor Oliveira, 8
São João Batista
89053-680 Pires do Campo / GO",61,Divorciado
Catarina Cavalcante,"Praça Moura
Camponesa 1ª Seção
98666-576 Sampaio / MA",82,Solteiro
Luiz Miguel Rios,"Morro Bryan Cirino, 68
Concórdia
13279825 Silva de Goiás / RN",23,Solteiro
Heloísa Pastor,"Chácara de Costela, 6
Marieta 3ª Seção
57210-964 da Costa de da Conceição / RO",58,Casado
Maria Sophia Sousa,"Viaduto Azevedo, 24
Leonina
84485515 Ribeiro / SE",34,Divorciado
Srta. Maria Clara Gonçalves,"Vila da Costa, 461
Custodinha
01010384 Andrade / PE",30,Viúvo
Thales Garcia,"Área Cirino, 81
Senhor Dos Passos
35953751 Cassiano do Sul / RS",44,Viúvo
Fernando Cunha,"Loteamento Vitor Novaes, 81
Vila Independencia 2ª Seção
35549-423 Gomes de Minas / PR",50,Casado
Emanuella Casa Grande,"Ladeira Pietro Carvalho, 99
Jardim Felicidade
79646-073 Montenegro / RS",84,Solteiro
Theo Nascimento,"Vila de Mendonça, 70
Vila Oeste
49545-666 Vasconcelos de Sá / AL",47,Viúvo
Luan Martins,"Setor Liam da Cruz, 58
Barão Homem De Melo 1ª Seção
95846-236 Lopes dos Dourados / SE",41,Divorciado
Davi Miguel Siqueira,"Rodovia Fernandes, 63
Taquaril
56181-659 Peixoto / PE",47,Divorciado
Davi Luiz Novais,"Loteamento Maria Isis Barbosa, 936
Nossa Senhora Do Rosário
20894-327 Barros / PI",76,Casado
Matheus Pacheco,"Distrito Kamilly Sá, 20
Unidas
53449517 Andrade / AL",61,Viúvo
Lorenzo Pimenta,"Vila Maria Clara Ramos, 76
Vila Nova Paraíso
24601275 Teixeira / MT",26,Viúvo
Yago Farias,"Travessa de Andrade, 60
Jaraguá
73748-487 Barros / RN",42,Divorciado
Dr. Cauê Fernandes,"Distrito Souza, 65
Bonfim
72219-225 Novaes / RN",23,Solteiro
Alana Novais,"Estação Arthur Gabriel Freitas, 532
Distrito Industrial Do Jatoba
67337814 Duarte / RN",63,Casado
Dra. Ana Julia Correia,"Loteamento de Pacheco, 80
Itaipu
23002-883 Albuquerque / MS",72,Solteiro
Arthur Gabriel Rios,"Chácara de Barbosa, 875
Aguas Claras
90756572 Duarte da Prata / SC",48,Casado
Luna Silva,"Travessa de Farias, 79
Céu Azul
83564-306 Barros de Moreira / AM",32,Casado
Maria Julia Azevedo,"Rodovia Danilo Araújo, 5
Conjunto Taquaril
05885224 Campos de Araújo / AM",31,Divorciado
Yago Gomes,"Travessa Fernanda Ferreira, 166
Indaiá
13755706 Rezende / MT",74,Divorciado
Lucas Rocha,"Núcleo Ravi Castro, 49
Candelaria
05247-523 Silveira da Praia / AL",50,Viúvo
Matheus Ribeiro,"Alameda Moura, 79
São Francisco Das Chagas
64749-657 da Cruz / MA",45,Casado
Stella Ramos,"Pátio de Cardoso, 58
Palmeiras
31979-593 Nogueira / ES",63,Viúvo
Eloá da Conceição,"Estação da Rocha, 569
Nova Cachoeirinha
80128-340 Machado / BA",50,Casado
José Pedro Borges,"Esplanada Ramos, 85
Confisco
28946151 Novais / PA",45,Solteiro
Dom Barros,"Estrada Gomes, 28
Estrela Do Oriente
04076-307 Marques / BA",55,Divorciado
Maria Isis Costela,"Parque de Andrade, 7
Cdi Jatoba
20133-673 Nascimento da Mata / PR",71,Viúvo
João Miguel Oliveira,"Chácara Montenegro, 1
Caetano Furquim
45415-755 Montenegro Grande / GO",41,Divorciado
Cauã Correia,"Quadra da Mata, 60
Barão Homem De Melo 2ª Seção
74022-275 Martins / TO",27,Viúvo
Dr. Thales Aparecida,"Largo de Cirino, 45
Vila Das Oliveiras
78705-677 Azevedo da Prata / SE",26,Divorciado
Henrique Marques,"Pátio de Vargas, 67
São Geraldo
99620-176 Camargo de Novais / AP",29,Viúvo
Ayla da Cruz,"Trecho da Cruz, 25
Vila Maloca
47723551 Fonseca Paulista / DF",47,Casado
Pedro Lucas Rios,"Morro Caldeira, 84
Vila São Gabriel Jacui
92635210 Rocha / MA",81,Viúvo
Emanuella Mendes,"Recanto Fogaça, 51
Nazare
35221389 da Paz / AL",87,Casado
Bruna Correia,"Trecho de Almeida, 43
Biquinhas
41021725 Carvalho / MS",48,Viúvo
Kaique Borges,"Quadra Emilly Fonseca, 73
São Luiz
15901-766 Macedo da Prata / RJ",74,Casado
Nathan da Cunha,"Aeroporto Raul Vargas, 342
Ventosa
36367-046 Sales / PR",60,Viúvo
Léo Marques,"Pátio Farias, 6
Renascença
68347736 Freitas das Pedras / MS",46,Solteiro
Dr. Vitor Jesus,"Fazenda Mirella Rocha, 30
Taquaril
02799-913 Castro da Mata / SE",27,Divorciado
Dr. Bernardo Mendes,"Estação de Jesus, 621
Vila Formosa
20367872 da Rosa de Nascimento / AP",69,Divorciado
Vitor Gabriel da Cruz,"Vereda de Oliveira, 97
Serrano
35576-200 Castro / AP",77,Divorciado
Sra. Marcela Camargo,"Ladeira de Garcia, 13
Alípio De Melo
14050820 Moura da Serra / PA",73,Casado
Liz Caldeira,"Passarela Oliveira, 29
Vila Mantiqueira
00594207 Pimenta de Sales / DF",35,Solteiro
Dr. Davi Lucca Câmara,"Trecho Vieira, 51
Cônego Pinheiro 1ª Seção
14943-487 Casa Grande de Pastor / PR",53,Divorciado
Bruna Lima,"Colônia Bianca da Costa, 81
Vila Piratininga
06618-293 da Mata do Campo / AC",83,Viúvo
Stella Correia,"Fazenda Henry Teixeira, 73
Dona Clara
82786885 Macedo / PE",90,Viúvo
Raul Macedo,"Viela de Nunes
São Francisco Das Chagas
05677659 Ribeiro de Sá / BA",88,Solteiro
José Alves,"Rua Guerra, 63
Europa
68307705 Teixeira da Praia / PI",82,Casado
Igor Gomes,"Núcleo de Sales, 949
Madre Gertrudes
41500627 Dias / DF",86,Solteiro
Pedro Miguel Garcia,"Vereda de Vargas, 332
São Vicente
96579002 Mendes / DF",76,Viúvo
Sr. Brayan Montenegro,"Lagoa Gonçalves, 81
Vista Do Sol
44447369 da Cunha / RS",64,Casado
Bárbara Peixoto,"Largo de da Costa, 32
Trevo
44270-411 da Paz / AC",74,Solteiro
Olívia Pacheco,"Vila da Costa, 67
Novo Santa Cecilia
99987456 Rios de Lima / RR",20,Divorciado
Alícia Gomes,"Condomínio Ester Nunes, 31
São Paulo
94079625 Ferreira do Amparo / GO",20,Solteiro
Isabel Pires,"Residencial Fernandes, 194
Graça
86497520 Sales / MA",67,Casado
Ágatha da Rosa,"Parque Melissa Gonçalves, 5
Grota
99826199 Souza do Sul / AP",31,Casado
Renan Cavalcante,"Rua Dom Cirino, 85
Pindorama
94386-475 Sousa de Minas / SP",73,Viúvo
Sr. Pedro Barros,"Jardim Luana Carvalho, 63
Jardim Leblon
60615-991 da Paz do Norte / ES",68,Divorciado
Dr. Luiz Gustavo Aparecida,"Vereda Cavalcante, 28
Vitoria Da Conquista
44587-280 Dias / MG",68,Divorciado
Calebe Barros,"Trevo Pereira, 85
São Luiz
95165525 Câmara / SP",38,Solteiro
Marcelo Castro,"Largo de Ferreira, 16
Boa Vista
03559-656 Melo de Montenegro / BA",69,Solteiro
Benjamin Melo,"Jardim Moraes, 47
Europa
03696-071 Garcia / PI",77,Viúvo
Bárbara da Cunha,"Via Ana Cecília Aragão, 77
Alto Das Antenas
23219-831 Viana / SC",74,Divorciado
João Vitor Viana,"Trecho Anna Liz Gonçalves, 20
Vila Independencia 2ª Seção
69449880 Novais / PA",79,Casado
Cauê Cunha,"Distrito de Alves
Santa Efigênia
90623-147 Montenegro / RS",28,Solteiro
Anthony Gabriel Gonçalves,"Avenida de Fogaça, 63
Jardim Atlântico
08157-033 Caldeira de Jesus / RJ",31,Casado
Maria Fernanda Novaes,"Fazenda Laís da Mata, 6
Vila Ouro Minas
26821159 Lima dos Dourados / SE",52,Viúvo
Sr. Arthur Gabriel Silva,"Lagoa Ramos, 1
Monte Azul
68347301 Nunes dos Dourados / PA",87,Divorciado
Marcos Vinicius Cavalcanti,"Jardim de Alves, 5
Barão Homem De Melo 3ª Seção
12254787 Jesus do Galho / MS",46,Casado
Emanuelly Caldeira,"Feira Mariane da Mota, 16
João Pinheiro
65738-475 Novaes Grande / MT",64,Divorciado
Pedro Fonseca,"Vereda Anna Liz Freitas, 85
Mariano De Abreu
20480862 Martins / SC",44,Casado
Sra. Nina Freitas,"Lago Antony Cavalcante
Ápia
92071-722 Silva Paulista / RR",43,Divorciado
Melina Cunha,"Setor de das Neves, 86
Colégio Batista
60609860 Pires / PB",47,Solteiro
Dra. Isabela Borges,"Esplanada Henrique Mendes, 56
Vila Oeste
14183-635 Caldeira de Minas / RJ",44,Casado
Srta. Maria Alice Correia,"Lagoa Nunes, 92
Santa Terezinha
68849-728 Nascimento de Fogaça / RN",83,Divorciado
Davi Luiz Novaes,"Parque Moraes, 74
Vila Bandeirantes
68653-476 Cassiano da Praia / SC",48,Casado
Dra. Lívia Sá,"Rodovia Breno Camargo, 18
Bonfim
29892483 Pastor do Sul / RN",68,Casado
Sr. João Miguel Cunha,"Praça Brito, 5
Vila Real 2ª Seção
72106341 Sá Alegre / PB",24,Divorciado
João Gabriel Rodrigues,"Estrada Costela
Rio Branco
89872-206 Moraes do Norte / PR",31,Divorciado
Arthur Miguel Fonseca,"Morro de Casa Grande, 86
Das Industrias I
57036-352 da Cruz / BA",34,Casado
Vitória da Cruz,"Setor Leão, 38
Vila Copacabana
55145641 Campos / AM",85,Solteiro
Evelyn Moura,"Núcleo Rodrigues, 2
Vila Boa Vista
52651668 Montenegro / MS",57,Viúvo
Sr. Diego Correia,"Ladeira Gustavo das Neves, 89
Coração Eucarístico
81406-127 Dias da Praia / RS",34,Viúvo
Dr. Noah Novaes,"Estrada de Monteiro
São Jorge 2ª Seção
17843-857 Garcia / MT",59,Viúvo
Ana Júlia Mendes,"Área de Cardoso, 835
Vila Coqueiral
38645810 Almeida / BA",35,Solteiro
Théo Teixeira,"Praça Oliveira, 3
Goiania
86615372 Monteiro da Praia / MT",47,Solteiro
Sra. Emanuelly da Conceição,"Praça Ana Luiza Cardoso, 46
Xodo-Marize
42988-892 Rios / PA",79,Solteiro
Gael Henrique Cavalcanti,"Condomínio Machado, 70
Ouro Preto
01152849 da Mota / ES",44,Divorciado
Luiz Gustavo Costela,"Estrada Guerra, 90
Ventosa
29369023 Siqueira da Serra / BA",49,Solteiro
João Miguel Ferreira,"Vale Letícia Aragão, 60
Granja Werneck
95814-323 Casa Grande Grande / PE",69,Viúvo
Sarah da Cruz,"Estrada Vitor Gabriel Fernandes, 480
Maria Tereza
20976423 Oliveira Verde / GO",90,Casado
Gael Henrique Pacheco,"Parque Fernandes, 16
Alípio De Melo
58573-039 Moura / PB",71,Solteiro
Lucas Gabriel Dias,"Vale Araújo, 22
Vila São Gabriel
39757117 Lopes / SE",71,Solteiro
Sr. Miguel Cirino,"Praia Marques
Nossa Senhora Da Aparecida
25244-834 da Cruz Grande / AC",59,Casado
Fernanda da Mota,"Fazenda de Cardoso, 58
Camponesa 2ª Seção
91741290 da Conceição / AL",50,Solteiro
Igor da Cruz,"Praia Otto Borges, 57
Monsenhor Messias
44373-082 Pinto da Prata / AP",53,Solteiro
Matteo Fogaça,"Largo de Nascimento, 96
Bom Jesus
62402-662 da Luz do Sul / PB",76,Viúvo
Sra. Alice Moura,"Vila Clara Macedo, 62
Delta
57024495 Rezende da Serra / PA",38,Solteiro
Matheus Rios,"Viaduto de Brito, 59
Vila Nova
01092-064 Campos de Minas / AM",59,Casado
Maria Alice da Paz,"Fazenda Ana Ramos, 91
Serra Do Curral
54506-362 Alves do Oeste / ES",77,Solteiro
Marina Cunha,"Trecho Enzo da Mota, 47
Corumbiara
83018-636 Fogaça / BA",60,Viúvo
Amanda Souza,"Morro Maria Marques, 956
Prado
55081876 Alves da Prata / AC",84,Solteiro
Ana Beatriz Castro,"Campo de Sá, 9
Vila Betânia
07793047 Freitas / PI",58,Casado
Melina Duarte,"Parque Gabrielly Peixoto, 18
Floramar
71178-761 Araújo do Oeste / PR",66,Solteiro
Ana Laura Sousa,"Distrito da Conceição, 8
Santa Monica
28596-008 Mendonça / DF",89,Viúvo
Maria Luísa Ramos,"Área Igor Moraes, 35
Colégio Batista
59871-308 Cirino de Castro / RS",26,Casado
Bianca Sampaio,"Trecho Nathan Mendonça, 82
Fernão Dias
12082-283 Siqueira / TO",38,Casado
Caio Sousa,"Lagoa Rezende, 78
Miramar
52996606 Vargas Grande / AL",42,Casado
Bernardo Costa,"Parque Vargas
Vila Santa Monica 1ª Seção
59978-902 Sousa / TO",23,Casado
Ravy Cassiano,"Estrada Freitas, 41
São Damião
05045054 Leão / MA",83,Casado
Ravy Pires,"Feira Pimenta, 2
Conjunto Minas Caixa
11798801 Câmara da Serra / MS",72,Solteiro
Henry Gabriel Sales,"Estrada de Ferreira, 6
Acaba Mundo
18815-154 da Mota de Camargo / AP",18,Viúvo
Isaac Viana,"Favela de Martins, 829
Jardim Felicidade
31825-276 Sampaio / SP",51,Casado
Dr. Vitor Gabriel Carvalho,"Ladeira Juan da Mata, 891
Mirtes
07228-458 Vasconcelos Paulista / BA",68,Viúvo
Maria Luiza Garcia,"Via da Conceição, 77
Santa Rita
22973-190 Barbosa de Rios / PA",55,Solteiro
Manuella Alves,"Ladeira Davi Luiz Aparecida, 407
Vila Santo Antônio
68128-724 Martins Verde / PE",31,Solteiro
Dra. Ísis Mendes,"Avenida Alexia Marques, 5
Juliana
62217-878 Gonçalves / GO",61,Viúvo
João Pedro Barbosa,"Feira Moreira, 942
Novo Aarão Reis
07306-973 Lima de Machado / RJ",44,Divorciado
Fernanda Sampaio,"Conjunto Guilherme Pinto
Tirol
84812-757 Monteiro do Norte / RN",30,Viúvo
Enrico Fogaça,"Recanto Ana Sophia Cardoso, 63
Vila Cloris
49084-235 Alves do Sul / AP",59,Viúvo
Fernanda Cavalcanti,"Feira de Mendes, 891
Conjunto Paulo Vi
79859-196 Lopes / TO",89,Solteiro
Augusto Souza,"Estação Isis Farias, 836
Vila Santa Monica 2ª Seção
66766079 Novais do Norte / CE",83,Solteiro
Srta. Manuela Rocha,"Chácara Gomes, 225
Vila Aeroporto Jaraguá
16884-445 Fonseca de Silveira / DF",62,Solteiro
Nicole Teixeira,"Sítio de Carvalho, 410
Ambrosina
30646580 Rezende / RO",57,Solteiro
Dra. Maria da Paz,"Ladeira de Mendes
Jardim Leblon
94492-609 Nunes de Goiás / SE",88,Casado
Srta. Jade Albuquerque,"Vereda Cecília Cavalcante, 668
Vila Pinho
85702-496 Vieira / MS",23,Divorciado
Mirella Rezende,"Jardim Duarte, 18
Leticia
14263742 Porto / MA",25,Casado
Gabrielly Cardoso,"Colônia de Almeida, 2
Santa Maria
05746-997 Silveira / MS",84,Casado
Ana Clara Costa,"Trecho de Aragão, 1
Lajedo
54111-078 Moura do Oeste / ES",47,Solteiro
Melissa Silveira,"Lago de Azevedo, 5
Eymard
51739521 Pinto do Campo / MA",43,Divorciado
Dr. Arthur Miguel Ramos,"Estação Clarice Garcia, 38
Vitoria
64803201 Vargas / TO",65,Divorciado
Dr. Kaique Costa,"Rodovia de Macedo, 58
Bonsucesso
40186-665 Souza das Flores / PB",19,Divorciado
Srta. Laís Aparecida,"Pátio Moraes
Etelvina Carneiro
19892-697 Lima / SC",41,Divorciado
Mathias da Cruz,"Alameda de Campos
Concórdia
19050-764 Vasconcelos / RJ",89,Divorciado
Benjamin Ribeiro,"Pátio Moura, 631
Planalto
74842619 Câmara / MS",53,Solteiro
Mathias Casa Grande,"Trevo Araújo, 17
Calafate
63892439 Moreira de Melo / RR",73,Viúvo
Mathias Peixoto,"Avenida Costa, 591
Bairro Das Indústrias Ii
55864958 Guerra de Cassiano / RJ",45,Solteiro
Eduarda Cassiano,"Loteamento de Leão, 764
Santa Cecilia
87506186 Novaes da Praia / PR",63,Casado
Dr. Vicente Freitas,"Parque Luiza Castro, 91
Alto Vera Cruz
63507-128 Santos de Abreu / PB",37,Viúvo
Amanda Porto,"Praia de Oliveira, 77
Ribeiro De Abreu
36930-146 Garcia Paulista / MG",34,Divorciado
Bárbara Nunes,"Favela de da Paz
Taquaril
02371-131 Viana do Oeste / MT",74,Solteiro
Allana Albuquerque,"Passarela Cunha, 82
Santana Do Cafezal
34318329 Machado / PE",65,Casado
Luiz Miguel Caldeira,"Alameda Lima, 226
Dom Cabral
07816274 Rocha de Montenegro / MS",69,Casado
Alexia Araújo,"Lago Maria Alice Rocha
Nossa Senhora Do Rosário
59778-850 Fernandes / RJ",21,Casado
Emanuel Silveira,"Avenida Viana, 372
Carlos Prates
68220844 Fonseca de Andrade / RR",62,Divorciado
Laís Silva,"Vale Maysa Vieira, 40
Beira Linha
57220-777 Melo / PI",75,Divorciado
Natália Machado,"Ladeira de Novais
Cenaculo
17345-342 Dias / CE",75,Solteiro
Maria Alice Almeida,"Aeroporto Isabel Pires, 8
Barão Homem De Melo 3ª Seção
05368549 Costa / MT",36,Casado
Renan Almeida,"Estrada Caleb Albuquerque, 35
Vila Sumaré
22473-727 Vasconcelos Alegre / BA",42,Viúvo
Marcela Santos,"Vale Martins, 6
Bandeirantes
88919810 da Mata / ES",69,Casado
Carlos Eduardo Santos,"Sítio Duarte, 48
Mariquinhas
60344646 Gonçalves / PB",85,Solteiro
Maya das Neves,"Rodovia Porto, 92
Conjunto Capitão Eduardo
92383-779 Monteiro / RO",86,Viúvo
Dra. Raquel Camargo,"Quadra de Nascimento
Vila São Dimas
60898-729 Souza de Pastor / AC",25,Divorciado
Sabrina Moreira,"Aeroporto Jade Guerra, 297
Salgado Filho
49169333 Lopes de Vieira / MT",80,Divorciado
Asafe Sampaio,"Rodovia de Dias, 967
Vila Piratininga Venda Nova
20607666 Moura / AL",67,Solteiro
Sarah da Paz,"Área Beatriz Pinto, 4
Alto Caiçaras
13724-722 Pimenta de Minas / SE",28,Solteiro
Sr. Vicente Melo,"Lagoa de Fogaça
Vale Do Jatoba
67394-502 Moreira / PI",58,Divorciado
Luiz Fernando Pacheco,"Distrito de Fogaça, 28
Novo Das Industrias
61422931 Fernandes do Galho / PI",87,Solteiro
Enzo Gabriel Caldeira,"Sítio Cecilia Abreu, 95
Varzea Da Palma
85137-980 Guerra / AC",50,Viúvo
Vinícius Ferreira,"Estrada Nicolas Alves, 13
Conjunto Floramar
24311-641 Cardoso Grande / ES",20,Casado
Gael Sales,"Condomínio Caio Barbosa, 3
Túnel De Ibirité
21646-876 Casa Grande de Minas / TO",53,Viúvo
Joana Gonçalves,"Vila de Pastor, 189
Álvaro Camargos
17998-075 da Conceição / SC",81,Viúvo
Dra. Mirella Araújo,"Vila Eloah Ramos, 67
Ribeiro De Abreu
01125-423 Pimenta / PA",41,Solteiro
Luiza Cunha,"Feira Sara Castro, 67
Novo Santa Cecilia
27741-975 Novais / SE",71,Solteiro
Henrique Azevedo,"Aeroporto Macedo
Leonina
98107434 Cavalcante Paulista / RN",51,Casado
Maria Liz Nascimento,"Área Barbosa, 882
Vila Real 2ª Seção
35496-909 Melo do Amparo / SE",29,Casado
Joaquim Montenegro,"Residencial Macedo, 34
Vila Nova Paraíso
74358658 das Neves / SP",52,Casado
Sofia Farias,"Feira Maria Julia Pacheco
São Jorge 1ª Seção
90838-705 Melo / PE",38,Viúvo
Allana Santos,"Ladeira Oliver Novais, 523
São Gonçalo
40900-563 Dias de Araújo / PE",35,Casado
Eduarda Borges,"Área Ribeiro, 97
Beira Linha
30448165 Sampaio / AL",85,Divorciado
Sra. Gabriela Cassiano,"Estrada Hellena Câmara, 51
Paquetá
66588-350 Melo / RN",79,Casado
Bryan Ribeiro,"Praia Mariana Silva, 56
Caetano Furquim
71543158 Ramos das Pedras / RN",59,Divorciado
Dr. Gael Gomes,"Loteamento de Barros
Ouro Minas
30776-763 Pereira dos Dourados / MT",52,Solteiro
Henrique Cunha,"Condomínio de da Conceição, 98
São Cristóvão
31525-578 Abreu / MA",87,Solteiro
Anthony Siqueira,"Campo Manuella Castro, 9
São Bernardo
62966-111 Vasconcelos / PR",42,Viúvo
Gustavo Sales,"Avenida de Vargas
Vila Nossa Senhora Do Rosário
29144918 Castro das Pedras / TO",60,Viúvo
Beatriz Moreira,"Morro Rezende
Jardim Felicidade
56021-682 Santos / TO",49,Viúvo
Cauã Viana,"Condomínio Gustavo Moura, 7
Leonina
87564536 Cirino de Correia / RS",31,Solteiro
Srta. Maria Luísa Ferreira,"Passarela Dias, 30
Varzea Da Palma
33986-582 da Rosa / RO",24,Viúvo
Marina Guerra,"Quadra de Sales, 2
Jardim Dos Comerciarios
20069977 Santos de Nunes / RN",22,Solteiro
Isabel Campos,"Ladeira de Marques, 98
Mantiqueira
45234522 Silva / TO",62,Solteiro
Sabrina Marques,"Vale Maitê Aragão
Nova Granada
44580676 Campos / RS",70,Casado
Sr. Lucas Gabriel Moreira,"Pátio de Vasconcelos, 38
Nova Granada
82150-246 Porto / MT",84,Divorciado
Mariane da Paz,"Feira Camargo, 55
Vila Mangueiras
73664-560 Abreu do Norte / RO",67,Viúvo
Elisa da Cruz,"Lagoa Fonseca, 3
Vila Nova Paraíso
70147-772 Novais / PB",67,Divorciado
Maria Helena Cunha,"Vereda de Cassiano, 391
Estrela
68144-959 Martins de Cunha / RS",24,Casado
Vicente Martins,"Estrada Esther Ferreira, 37
Garças
76466823 Novais do Oeste / RS",79,Solteiro
Ayla Duarte,"Estação Mateus Cardoso, 59
Vila Calafate
14149717 Melo da Serra / RR",77,Divorciado
Sr. Anthony Gabriel Fogaça,"Lagoa Câmara, 53
Vila Nossa Senhora Do Rosário
31565162 Martins / SE",46,Solteiro
Srta. Marcela Peixoto,"Pátio de Vasconcelos, 11
Garças
97921-879 Cavalcante / MT",90,Viúvo
Léo Alves,"Trevo Câmara
Minaslandia
27600-515 Porto / ES",54,Divorciado
Sophia Moreira,"Rua de Aparecida, 35
Providencia
73254915 Marques / GO",63,Casado
Ana Julia Abreu,"Viaduto Ester Fernandes, 7
Custodinha
24849713 Siqueira / SE",47,Viúvo
Fernanda Lopes,"Lago Montenegro, 80
Santa Rosa
52985-606 Garcia / RO",34,Solteiro
Dr. Enzo Castro,"Distrito Mariah Leão
Conjunto Paulo Vi
49758616 Vasconcelos / AC",49,Divorciado
Lucas da Rocha,"Feira Pastor, 5
Marieta 3ª Seção
15818275 da Mata / PR",72,Divorciado
Marcela Lopes,"Rua Maria Cecília Monteiro, 997
Marieta 3ª Seção
74001057 Marques / PA",42,Solteiro
João Miguel da Rocha,"Recanto Pietro da Rosa, 18
Santo Agostinho
41740731 Vargas da Serra / BA",45,Solteiro
Zoe Mendes,"Campo de Lopes, 73
Biquinhas
76008-556 Rios / PI",84,Solteiro
Maria Luísa Farias,"Quadra Sá, 66
Santa Sofia
46346178 Souza / SP",25,Casado
Isis Cunha,"Loteamento Natália Porto, 642
Cônego Pinheiro 1ª Seção
42344285 Cassiano / MA",59,Solteiro
Luan Cardoso,"Estação Matheus Porto, 1
Independência
23870-895 Rios / RN",86,Viúvo
Dr. Samuel Ferreira,"Quadra Maria Laura Azevedo, 46
Vila Minaslandia
90700151 Mendonça Alegre / MA",46,Viúvo
Dr. Murilo Nogueira,"Travessa das Neves, 386
Dom Silverio
51910-840 Brito de Fogaça / PA",77,Solteiro
Lívia Ferreira,"Área da Paz, 1
Canadá
75936-934 Barbosa / PE",83,Casado
Dra. Lívia Monteiro,"Quadra Souza, 64
Parque São José
17854-912 Ramos de Minas / RJ",84,Solteiro
Sra. Ana Cecília Cassiano,"Campo Letícia Santos, 71
Vila Suzana Segunda Seção
83531-554 Pinto / RS",76,Divorciado
Mariah Barbosa,"Via Cassiano, 1
Conjunto Santa Maria
56077817 Cunha / MG",90,Viúvo
Sabrina Sampaio,"Favela Henry Almeida, 550
Vila Engenho Nogueira
64536580 Teixeira da Praia / PI",79,Solteiro
José da Cruz,"Trecho da Mata, 570
Vila Maria
65359-355 Ribeiro do Norte / AM",29,Divorciado
Srta. Aylla Fonseca,"Estrada Raquel Fonseca, 69
Barão Homem De Melo 3ª Seção
53613634 Almeida Grande / PE",46,Divorciado
Srta. Carolina Nogueira,"Rua Luiza da Costa, 2
Lagoa
23398-935 Costela das Pedras / RR",69,Casado
Bento Cavalcante,"Rodovia Guerra, 31
Santa Lúcia
17959375 Martins / MG",64,Casado
Leonardo Mendonça,"Núcleo Brito, 19
Castanheira
83082355 Monteiro / DF",26,Casado
Maria Sophia Duarte,"Vereda Maria Liz Sales, 37
Canaa
97517-906 Rios do Sul / SP",43,Viúvo
Lorenzo Moura,"Feira de Nunes, 97
Nova Vista
64826-323 Pires de Moura / RJ",50,Divorciado
Rafael Garcia,"Área de Leão, 44
Jardim Guanabara
89580-436 Castro dos Dourados / SC",24,Solteiro
Ravi Lucca Abreu,"Praia Luna Peixoto, 5
Castelo
78296-356 Azevedo / MT",48,Solteiro
Theo da Rocha,"Área Melo
Xodo-Marize
54420159 Santos / PE",67,Solteiro
Srta. Isis da Luz,"Fazenda Marina Fogaça, 55
Minaslandia
69426284 Farias da Serra / MA",90,Divorciado
Dra. Ísis Freitas,"Feira de Nascimento, 8
Granja Werneck
19293231 Viana de Sá / MA",67,Viúvo
Luan Cardoso,"Praia Andrade, 6
Cônego Pinheiro 1ª Seção
72579290 Rezende / PE",39,Divorciado
Ana Sophia Rezende,"Morro da Costa, 796
Araguaia
63602-960 Fogaça da Praia / MS",52,Divorciado
Sra. Olívia Nunes,"Rua de Gomes, 7
Vila Madre Gertrudes 2ª Seção
92372-072 Ramos / RS",63,Viúvo
Antônio Albuquerque,"Passarela Maria Cecília Borges, 6
Vila Aeroporto Jaraguá
19496111 Vieira da Serra / SP",46,Divorciado
Emanuella Teixeira,"Sítio Heloísa Monteiro, 15
Funcionários
08786-383 Santos Alegre / PA",84,Divorciado
Bárbara Abreu,"Campo Cardoso, 50
Diamante
81828729 Vasconcelos / RO",73,Divorciado
Matheus Moura,"Rua Brayan Nascimento, 89
Vila Nova Cachoeirinha 1ª Seção
06778-895 Ribeiro Paulista / AL",35,Solteiro
Mateus Gonçalves,"Favela Vitor Hugo Fogaça, 34
Paulo Vi
51408934 Ramos de Goiás / AL",73,Divorciado
Srta. Julia Novaes,"Loteamento Cunha, 674
Nova Esperança
87386-760 Azevedo das Pedras / PI",86,Casado
Maria Helena das Neves,"Campo de Lopes, 560
Diamante
69115-335 Pacheco da Prata / CE",88,Casado
André Novais,"Rodovia Sousa, 80
Fernão Dias
34963830 Novais / RS",45,Solteiro
Ana Sophia Brito,"Setor Pacheco, 33
Vila Inestan
93134-892 Cardoso do Galho / AP",62,Solteiro
Clarice Lopes,"Núcleo Cirino
Vila Fumec
66541-348 Gonçalves / TO",36,Solteiro
Ana Julia Machado,"Favela de Farias, 30
Monsenhor Messias
50809-298 Câmara da Praia / AC",47,Divorciado
Dra. Maria Flor Farias,"Campo Agatha Caldeira, 73
Funcionários
91455469 Rocha da Praia / PE",38,Solteiro
Davi Cavalcanti,"Morro Maria Eduarda da Rocha, 43
Flamengo
45277053 Azevedo / MA",38,Divorciado
Srta. Alana Araújo,"Praça de Rios, 221
Carmo
62573460 Barros de Minas / RS",79,Viúvo
Emanuel Fogaça,"Condomínio Ísis Pereira, 19
Grota
86556164 Teixeira de Freitas / RR",18,Solteiro
Júlia Santos,"Setor Yago Alves, 70
Santa Lúcia
07106-408 Costa de Campos / MT",76,Viúvo
Sr. Igor Albuquerque,"Favela Costela
Conjunto Califórnia Ii
10239382 Castro / MT",56,Viúvo
Brayan Borges,"Pátio de Santos, 60
Vila Canto Do Sabiá
64719-615 da Rosa Paulista / SP",60,Solteiro
Lucca Cirino,"Condomínio de Rios, 82
Novo Santa Cecilia
26881-313 Macedo da Prata / PE",44,Viúvo
Cauã Brito,"Campo de Campos
São Francisco
23438747 Moreira de Novaes / ES",71,Casado
Liam Ribeiro,"Chácara Maria Ferreira, 59
Zilah Sposito
79303613 Fogaça / MT",53,Solteiro
Samuel Mendonça,"Recanto de Duarte, 21
Delta
49533364 Melo / PB",31,Viúvo
Dr. Davi Lucca Pinto,"Núcleo Henry Vieira, 45
Silveira
49657121 Ramos da Prata / MS",68,Casado
Marcela Cirino,"Feira Nogueira
Madri
47315-826 Pimenta / AL",58,Solteiro
Ryan Vieira,"Pátio Oliveira, 491
Vila Mangueiras
25350407 Duarte / SE",72,Casado
Asafe Fonseca,"Setor de Moura, 271
Vila Real 1ª Seção
16240613 Moura / PE",42,Divorciado
Marcelo Ferreira,"Lago Ramos
João Paulo Ii
99306-198 da Paz das Pedras / SP",47,Solteiro
Antony Duarte,"Trecho Luiz Henrique Cunha, 118
Vila Antena
62146670 Campos / GO",81,Viúvo
João Lucas da Mota,"Setor Lavínia Mendonça, 18
Candelaria
88593-378 Farias / GO",22,Viúvo
Paulo Rodrigues,"Condomínio de Nascimento, 60
Palmares
22659938 Câmara / AC",69,Divorciado
Ana Sophia Brito,"Aeroporto Campos, 91
Conjunto Bonsucesso
51830-651 Correia / BA",80,Casado
Sara Garcia,"Quadra de Ribeiro
Lorena
67330-183 Cassiano / AM",84,Divorciado
André Pires,"Área Barros, 58
Laranjeiras
65373922 Rocha / PR",41,Viúvo
Juliana Alves,"Sítio Pedro Henrique Azevedo, 377
Grajaú
85766014 Montenegro / MS",34,Divorciado
Maria Silveira,"Loteamento Dias, 6
Ermelinda
25499391 Albuquerque do Campo / RR",61,Solteiro
Théo Souza,"Fazenda Anna Liz Pires, 34
Vila Nova Gameleira 3ª Seção
27541138 da Cruz / TO",36,Solteiro
Clara Cirino,"Feira Fonseca, 22
Bom Jesus
20491-394 Duarte de da Mata / RS",69,Solteiro
Felipe Viana,"Vereda Pedro Miguel Silva, 1
Confisco
96899275 Peixoto de Ribeiro / SP",18,Divorciado
Gabriel da Luz,"Avenida Juliana Andrade, 90
Vila Madre Gertrudes 1ª Seção
17962910 Pimenta Alegre / SE",69,Solteiro
João Lucas das Neves,"Vereda de Camargo
Vista Do Sol
87412-013 Freitas / MA",82,Solteiro
Rafael Ferreira,"Área Melo, 75
Solar Do Barreiro
52979-921 Silveira / GO",34,Viúvo
Ana Clara Moraes,"Chácara Maria Fernanda Ribeiro
Vila Das Oliveiras
48585378 Cassiano de Goiás / PA",54,Solteiro
Pietra Brito,"Favela Yuri Alves, 63
Ermelinda
07738-331 Souza de Borges / RS",37,Divorciado
Melina Moraes,"Pátio Gonçalves, 92
Lagoa
14554-774 Cavalcanti Alegre / AM",41,Divorciado
Dra. Julia Martins,"Distrito Benjamin Gonçalves, 885
Caiçaras
80280-059 Rezende / AL",23,Solteiro
Igor da Costa,"Praia Guerra, 67
Grotinha
16012-460 Nascimento / TO",30,Solteiro
João Guilherme Brito,"Distrito Cavalcante, 21
Rio Branco
85092407 Marques / MT",80,Casado
Sr. Dante Moura,"Esplanada Martins, 4
Boa Vista
30935-117 Ferreira da Prata / RN",31,Casado
Rael Brito,"Chácara Oliveira, 1
Milionario
12481-009 Guerra / AP",55,Divorciado
Srta. Ester Moura,"Praia Ravy Novaes, 49
Vila União
46002-333 Melo do Galho / RO",67,Viúvo
Luna Sá,"Trevo Mathias Albuquerque, 92
Horto
27783080 Pires de Costa / DF",45,Casado
Sr. Nathan Brito,"Vila Sampaio
São João Batista
81364749 Dias / RN",51,Solteiro
Maria Campos,"Largo Guerra, 471
Goiania
60909-473 Ramos de da Rosa / SC",52,Divorciado
Olívia Guerra,"Feira de Araújo
Manacas
27970537 Abreu de Marques / MS",77,Divorciado
João Gabriel Vasconcelos,"Viela de Sá, 2
Ademar Maldonado
05098924 Rezende / ES",34,Viúvo
Pedro Sales,"Colônia Cardoso, 72
Esperança
27521-225 Novais de Abreu / AC",30,Solteiro
Nathan Correia,"Conjunto Leão
Vila Canto Do Sabiá
00845-016 Nunes / SE",34,Solteiro
Nicole Pacheco,"Lago Augusto Ribeiro
Indaiá
32880866 Gonçalves Verde / SE",84,Casado
Bryan Montenegro,"Vila Garcia, 61
Vila Dos Anjos
97528-440 Cardoso / SP",30,Divorciado
Maysa Monteiro,"Condomínio de Câmara, 79
Vila Santa Monica 2ª Seção
17403-060 Correia / RO",75,Viúvo
Sabrina Pires,"Trecho Mirella Nascimento
Havaí
99712909 Sampaio / PA",77,Solteiro
Cauê da Luz,"Área de Castro, 1
Saudade
27321-798 Camargo / ES",19,Divorciado
Murilo Vasconcelos,"Loteamento Antony Correia, 641
Antonio Ribeiro De Abreu 1ª Seção
42017005 Costa / AL",30,Divorciado
Sra. Bruna Machado,"Vila Cassiano, 240
Vila Copacabana
56762-203 Fogaça do Oeste / PE",81,Divorciado
Dra. Luísa Albuquerque,"Quadra de Cavalcante, 87
Vila Madre Gertrudes 3ª Seção
65292-997 Camargo / AC",57,Casado
Rafael da Mata,"Rua Gael Andrade, 423
Ademar Maldonado
25863363 Fernandes / SP",36,Casado
Gustavo Henrique Barros,"Conjunto Cavalcanti, 15
São João
21260-815 Jesus / MA",89,Casado
Sr. Luiz Felipe Mendonça,"Avenida de Mendes
Conjunto Celso Machado
83538-157 Moreira / PB",63,Solteiro
Luan da Costa,"Campo Apollo Silveira, 31
Horto Florestal
90629952 Carvalho do Amparo / MA",64,Solteiro
Cauê Cunha,"Esplanada Ferreira
Mirante
84902406 Gomes / CE",66,Divorciado
Yuri Costela,"Passarela Garcia, 2
Serra Do Curral
24224729 da Paz / SC",86,Casado
Luara Sales,"Pátio de Monteiro, 431
Vila Santo Antônio Barroquinha
76756-300 Costa / RO",42,Viúvo
Benjamim Sousa,"Quadra Maria Isis Souza, 480
Grajaú
25961750 da Cruz da Serra / AL",49,Solteiro
Luiz Gustavo da Mata,"Praia Bernardo Azevedo, 710
Frei Leopoldo
99417-704 Garcia do Amparo / PR",76,Casado
Alícia Araújo,"Trevo Almeida, 9
Granja Werneck
51592-190 das Neves / GO",57,Viúvo
Daniela Castro,"Viaduto de Porto, 51
Vila Jardim Leblon
61934-737 Pereira / SP",29,Casado
Gabrielly Vargas,"Lago Macedo, 89
Jardim Guanabara
49564625 Sousa / AC",22,Casado
Isabelly Aparecida,"Favela Andrade, 25
Vila Minaslandia
60792706 Melo / PA",65,Divorciado
Maria Cecília Fonseca,"Fazenda de Araújo, 450
Vila São Dimas
45166-893 Moreira de Araújo / BA",75,Solteiro
Mariana da Rocha,"Quadra Miguel Porto
Satelite
70257189 Castro de Goiás / TO",59,Divorciado
Isabela Barbosa,"Distrito de Alves, 73
Novo Santa Cecilia
37946-359 Cirino de Minas / TO",27,Divorciado
Noah Montenegro,"Aeroporto de Marques, 7
Vila São Gabriel
20169-604 Nunes de Barbosa / MA",47,Casado
Caleb Pires,"Aeroporto Gabrielly Martins, 83
Santa Lúcia
15705304 Duarte / RR",35,Viúvo
João Vitor Rios,"Recanto Carolina Azevedo, 12
Santa Sofia
82569-988 Moreira / RN",49,Divorciado
Davi Luiz Sampaio,"Avenida João Mendes, 2
Morro Dos Macacos
32734461 Moraes / RO",19,Solteiro
Rael Pimenta,"Ladeira Nascimento, 89
Antonio Ribeiro De Abreu 1ª Seção
38525610 Rodrigues de Guerra / RR",59,Divorciado
Emanuelly Machado,"Vila de Almeida, 246
Nova Floresta
51476-197 Sampaio / RR",18,Viúvo
Mirella da Mata,"Vale Luiz Felipe Lima
Andiroba
31707-773 Souza / MT",18,Casado
Thiago Almeida,"Loteamento Davi Lucca da Cunha, 523
Araguaia
52640-644 Fogaça do Sul / PB",70,Viúvo
Mariane Pacheco,"Praia Sabrina Melo, 15
São Jorge 3ª Seção
09435-496 Lima / PI",22,Solteiro
Samuel da Conceição,"Aeroporto de Araújo, 76
Senhor Dos Passos
36149509 Guerra de da Cruz / SC",90,Divorciado
Fernando Lima,"Campo Souza, 164
Nova Cintra
09614-146 Rocha da Serra / AC",85,Casado
Ana Cecília Castro,"Jardim Maria Fernanda Dias
Alto Dos Pinheiros
04313-878 Barros da Mata / SC",56,Casado
João Pedro Campos,"Favela Raul Araújo, 7
Renascença
58642567 Cavalcante / RS",86,Casado
Maria Eduarda Camargo,"Pátio Allana Dias, 77
Novo Glória
35815573 Alves / CE",39,Divorciado
Vitória Garcia,"Praça Mirella Melo, 93
Funcionários
50901854 Moura / GO",46,Casado
Dra. Sara Sales,"Travessa de Andrade, 557
Vila Atila De Paiva
07700290 Ferreira de Goiás / BA",71,Viúvo
Gael Henrique Gomes,"Sítio de Cavalcanti, 134
Vila Minaslandia
23928-186 Campos / DF",46,Viúvo
Diogo Correia,"Recanto Bruno Rocha, 23
São Vicente
10362-878 Melo do Galho / AP",20,Viúvo
Dr. Luiz Miguel Santos,"Campo da Rosa, 51
Caiçara - Adelaide
50127822 Costa / RO",62,Casado
João Lucas Araújo,"Rua da Paz, 50
Antonio Ribeiro De Abreu 1ª Seção
78579668 Costela / PE",84,Solteiro
Ana Luiza Jesus,"Sítio Pastor, 2
Leticia
97067275 Casa Grande Grande / AM",76,Divorciado
Jade Aragão,"Vila Nogueira, 87
Leticia
76258-809 Camargo / SC",41,Divorciado
Lucca Siqueira,"Distrito Siqueira, 40
João Pinheiro
05762597 Silva da Mata / DF",32,Viúvo
Antony Alves,"Esplanada de Costa, 80
Vista Alegre
71920-107 Nascimento Grande / DF",18,Solteiro
Caio Viana,"Lagoa de Casa Grande, 83
Senhor Dos Passos
10141-975 da Rocha das Flores / AP",76,Solteiro
Sra. Emanuella Casa Grande,"Pátio Davi Miguel Viana
Oeste
28740475 Pires Grande / MA",59,Solteiro
Luana Fonseca,"Estrada Câmara, 30
Vila Suzana Segunda Seção
97476-122 Siqueira de Fogaça / MA",73,Solteiro
Davi Luiz Jesus,"Residencial Almeida, 26
Campo Alegre
92274637 Pereira / AM",50,Divorciado
Raul Nunes,"Aeroporto Maria Alice Campos, 24
Dom Silverio
10144466 Azevedo do Amparo / AC",53,Divorciado
Maria Alice Fernandes,"Viela André Sousa, 70
Parque São José
41898-688 Costa das Pedras / RO",85,Viúvo
Eloá Almeida,"Condomínio Sampaio, 15
Guaratã
29650-136 Cavalcante / AM",71,Casado
Laura Cirino,"Fazenda Ester Araújo, 28
São João
42134946 Dias / RJ",64,Viúvo
Maria Laura Lima,"Avenida Maria Luiza Vargas, 66
Vila São Francisco
86540-157 Ramos de Goiás / AC",53,Viúvo
Srta. Natália Azevedo,"Lago Davi Lucas Azevedo, 51
Aarão Reis
31431-995 Peixoto Verde / PR",70,Casado
Srta. Maysa Oliveira,"Feira de Silveira, 53
Ápia
81673-371 Freitas / SC",39,Divorciado
Alexia Garcia,"Vila Farias, 33
Floramar
80755-327 Cunha / RJ",50,Solteiro
Ravi Sá,"Praia de Sá, 9
Grotinha
14237408 Silveira de Goiás / SE",28,Viúvo
Luiz Felipe Sá,"Praia de Cunha, 7
Ambrosina
50781-436 da Cunha / AL",28,Divorciado
Isabella Nascimento,"Passarela de Pinto
Vila São João Batista
60166-410 Santos / SE",30,Solteiro
André Campos,"Favela João Lucas Rocha, 10
Vila Mangueiras
43014067 Gonçalves / CE",66,Casado
Kaique Alves,"Favela Allana Oliveira, 40
Novo São Lucas
30335844 Rios de Rios / SE",27,Casado
Ana Júlia Sousa,"Estrada Emanuel Sales, 8
Maria Helena
16284582 da Rosa / GO",84,Solteiro
Elisa Brito,"Feira Guerra, 88
Vila Jardim Montanhes
90960224 Carvalho das Flores / AP",38,Divorciado
Ana Julia Santos,"Passarela João Felipe Abreu, 39
Esperança
30156859 Pimenta / RN",33,Viúvo
Enzo Cardoso,"Residencial de Duarte, 9
Dona Clara
05377698 Vargas de Brito / PR",75,Divorciado
Cauã Sampaio,"Ladeira Clarice Peixoto, 83
Campo Alegre
93875-014 Cardoso do Sul / MG",30,Solteiro
João Nascimento,"Chácara Clara Machado, 80
Lourdes
28346211 Novaes do Galho / SP",61,Divorciado
Sr. Juan Oliveira,"Via Erick Novais, 57
Boa Esperança
99714-796 das Neves / AC",89,Solteiro
Dr. Anthony Gabriel Melo,"Residencial Alana Vieira, 35
São Benedito
15379093 Rezende / PB",44,Casado
Ester Correia,"Aeroporto de Martins, 94
Barreiro
57149-108 Pinto / GO",25,Divorciado
Maria Luiza Carvalho,"Rua Azevedo, 97
Vera Cruz
87039-228 Azevedo Grande / RN",86,Casado
Sr. Nathan Almeida,"Condomínio Alana Nogueira
Jardinópolis
24499-471 Pacheco / AP",89,Viúvo
Sr. Diogo Cavalcante,"Recanto Rios, 28
Bacurau
68096317 Cavalcanti da Praia / SP",32,Divorciado
Leandro das Neves,"Jardim Helena Porto, 9
Ouro Minas
21514221 Marques Grande / AM",85,Divorciado
Srta. Sara Garcia,"Travessa Farias, 61
Das Industrias I
16341-973 Ribeiro do Amparo / PA",84,Divorciado
Dr. Kaique Rios,"Campo da Costa, 92
Pirineus
76938-165 Rocha do Sul / PA",62,Viúvo
Sr. João Felipe Moreira,"Pátio Ribeiro, 12
Vila Ouro Minas
87537076 Ribeiro / AL",89,Solteiro
Dr. Mathias Cardoso,"Estrada da Paz, 8
Conjunto Paulo Vi
42520-922 Barros / AL",28,Casado
Maria Laura Teixeira,"Loteamento Rafael Barros, 47
Heliopolis
05158-556 Camargo / ES",19,Divorciado
Maria Júlia Silveira,"Praia Porto, 43
Boa Esperança
27729-153 Sousa / AM",75,Casado
Isabela Rocha,"Quadra Brito
Sion
38167-478 Cunha da Serra / PR",66,Solteiro
Breno Nascimento,"Esplanada Nogueira
Aparecida
97973-700 Aparecida / PI",47,Solteiro
Pietro Pinto,"Vila Siqueira
Vila Da Paz
31619826 Novais / MT",83,Casado
Gael Henrique da Mota,"Praça Duarte, 18
Padre Eustáquio
42699417 Cirino / MG",30,Viúvo
Thomas Aparecida,"Chácara de da Paz, 83
Cardoso
77340-858 Alves / AP",40,Divorciado
Lunna Barros,"Vila Pires, 11
Custodinha
35097-380 Andrade / CE",26,Viúvo
Isabelly Cavalcante,"Praça da Mata, 568
Mala E Cuia
05278323 Brito do Norte / SC",83,Casado
Sarah Pires,"Trecho Anthony Gabriel Rocha, 6
Belmonte
12180255 Rios do Campo / RN",40,Casado
Luiz Fernando Mendonça,"Conjunto da Conceição, 11
Alto Caiçaras
11704-462 Macedo / MG",25,Casado
Luiz Fernando Novaes,"Morro Vitor Gabriel Teixeira, 74
Ipiranga
81423-965 Nogueira de Freitas / MA",43,Casado
Alexandre da Rocha,"Esplanada Clarice Carvalho
São Geraldo
49515610 Macedo / DF",20,Solteiro
Dr. Rafael Novais,"Travessa Caroline Martins
Vila Nova Gameleira 2ª Seção
05410950 Marques / RJ",29,Casado
Vinícius Fonseca,"Vale de Barros
Pongelupe
48218-819 Abreu de Goiás / AM",75,Divorciado
Maria Liz Cavalcanti,"Viela Camargo, 653
Vila Do Pombal
71302-175 Peixoto Grande / RR",23,Divorciado
Davi Lucas Cirino,"Recanto de Pinto, 3
Jardim Alvorada
39656-114 Cunha Grande / SC",34,Solteiro
Ágatha Vargas,"Favela Ísis Andrade, 92
Europa
55045-546 Santos Grande / RS",55,Casado
Isaque Mendonça,"Travessa José Costela, 7
Marieta 1ª Seção
60593-880 Albuquerque do Campo / AP",46,Solteiro
Matteo Duarte,"Feira de Borges, 453
Concórdia
32943-458 da Mata / AL",30,Divorciado
Manuella Almeida,"Via Antonella Costela, 78
Miramar
77534750 Aparecida / RN",40,Divorciado
Enzo Gabriel Vargas,"Estação Olívia Freitas, 615
Cônego Pinheiro 2ª Seção
82005318 da Cunha / RS",88,Viúvo
Aurora Almeida,"Travessa Andrade, 7
Conjunto Jardim Filadélfia
60821-058 Macedo / DF",27,Divorciado
Sra. Eloá Vieira,"Via Camargo
Vila Formosa
61011793 Moura / AM",43,Divorciado
Luara Pacheco,"Vereda de Moreira, 36
Eymard
29562381 da Mata do Sul / MG",48,Casado
Eduardo Camargo,"Jardim Maria Laura Nunes, 29
Cidade Nova
43364808 Novais da Praia / SC",77,Viúvo
Dr. Bryan Moraes,"Condomínio Marcos Vinicius Mendes, 35
Oeste
31737-458 Silveira / AL",48,Divorciado
Miguel Pacheco,"Rua Ana Cecília da Costa, 8
Floramar
97266-518 da Mota / PE",61,Viúvo
Dr. Théo Porto,"Residencial Martins, 48
Teixeira Dias
04559096 Machado / PA",78,Divorciado
Sarah Barbosa,"Estação Bruno Almeida, 13
Xodo-Marize
20750448 Nascimento da Prata / RR",79,Solteiro
Enzo Gabriel Teixeira,"Fazenda Ramos, 55
Minas Caixa
92457972 das Neves do Amparo / AL",46,Viúvo
Dr. Gustavo Henrique Mendes,"Conjunto Barros, 69
Palmares
77260289 Aragão / PR",87,Viúvo
Ana Liz Melo,"Travessa de Correia, 72
Vera Cruz
60726279 Rodrigues / MA",27,Casado
Sarah Garcia,"Setor de Rocha, 74
Vila Nova Paraíso
51439-637 Freitas de Sousa / PE",63,Viúvo
Raul da Mota,"Lago de Novais
Leticia
05133-920 Fonseca / MT",35,Divorciado
Maria Júlia Marques,"Lago de da Mota, 85
Novo Tupi
64327-636 Campos de Farias / AL",35,Solteiro
Raquel Moreira,"Vereda Valentina Cavalcante
Vila Maloca
33715-137 Campos / RJ",51,Solteiro
Benjamin Cavalcante,"Via de Ribeiro, 8
Buraco Quente
44592-471 Cirino / RO",73,Casado
Davi Luiz Santos,"Colônia de Vasconcelos, 37
Vila Copacabana
32340331 Silva / MS",53,Solteiro
Caleb Pimenta,"Jardim de Brito
Petropolis
07665448 Albuquerque da Praia / MG",35,Solteiro
Srta. Isabela Jesus,"Quadra Novais, 58
Boa União 1ª Seção
54859861 Santos / MA",54,Viúvo
Maria Sophia Carvalho,"Recanto Thomas Macedo, 79
Sion
42024-747 Lima / AC",46,Casado
Enzo Carvalho,"Praça Vitória Monteiro, 85
Lajedo
96297-999 Oliveira / PI",74,Casado
Renan Ramos,"Estação de da Luz, 694
Nova Gameleira
50057-037 da Rosa do Sul / BA",69,Viúvo
Guilherme Lopes,"Setor Antonella Barbosa, 90
Castelo
01382-294 Rios das Flores / CE",28,Solteiro
Dr. Benjamim Castro,"Setor de Vieira, 885
Mirante
25397155 Novaes da Mata / AC",78,Viúvo
Ana Clara Rocha,"Viela de Cunha, 4
Boa União 2ª Seção
12985988 Jesus do Amparo / ES",45,Viúvo
Luigi Albuquerque,"Avenida Arthur Gabriel Cirino, 31
Nossa Senhora Do Rosário
52548720 da Paz / PR",67,Viúvo
Cecilia da Costa,"Vereda Gomes, 209
Solimoes
74089225 Moura / SP",80,Solteiro
Igor Vieira,"Ladeira Moraes, 13
Jardim Atlântico
46666-204 Santos / MT",25,Solteiro
Sr. Murilo das Neves,"Praia de Novais, 29
Minas Caixa
88645-063 Azevedo / MG",53,Solteiro
Gael Henrique Gonçalves,"Distrito da Rosa, 1
Mariquinhas
07708512 Cavalcante da Serra / PB",84,Viúvo
Ana Clara Camargo,"Travessa Matteo Monteiro, 1
Vila Mangueiras
58104639 Dias / RR",86,Solteiro
Laís da Paz,"Fazenda Júlia Marques, 61
Vila Antena Montanhês
07888-704 Pimenta Grande / PI",61,Divorciado
Larissa Melo,"Trecho de Sá, 35
Vila Cloris
59975062 Cavalcante / CE",81,Viúvo
Otto Lopes,"Passarela Pietra Teixeira, 993
Milionario
36475346 Pacheco Alegre / BA",45,Solteiro
Fernanda da Luz,"Feira de Cunha, 225
Jardim Guanabara
24344-810 Sá de Costa / TO",83,Solteiro
Luiz Henrique Sousa,"Favela Evelyn Leão, 75
Piratininga
54250679 Teixeira / SP",62,Divorciado
Emilly Câmara,"Passarela Camila Teixeira, 28
Caetano Furquim
81091096 Macedo / RJ",82,Divorciado
Sra. Letícia Rodrigues,"Fazenda Souza, 13
Vila São Gabriel
81406-824 Alves Verde / AM",84,Divorciado
Diego Sampaio,"Pátio de da Cruz
Vila Antena Montanhês
27124-708 Câmara de Sampaio / CE",59,Viúvo
Dr. Brayan Pacheco,"Favela Esther Cassiano, 18
Paraíso
07393-377 Alves / AC",79,Viúvo
Srta. Rebeca Gonçalves,"Lagoa de Araújo, 997
Jardim São José
57581-145 Câmara / MT",24,Viúvo
Igor Garcia,"Jardim Maria Eduarda Azevedo, 87
Ademar Maldonado
51054-596 Alves / SP",40,Viúvo
Sr. Thiago Viana,"Estrada de Abreu, 25
Independência
19701734 Santos / RJ",23,Casado
Luna das Neves,"Aeroporto de Camargo, 9
Pindura Saia
43553021 Montenegro / CE",30,Solteiro
Emanuelly Gonçalves,"Campo Fogaça, 95
Vila Sumaré
04417-763 Ribeiro Verde / BA",87,Solteiro
Dante Peixoto,"Favela de Pereira, 894
São Salvador
29500-343 Vasconcelos / CE",40,Viúvo
Dr. Thiago Azevedo,"Estrada Antony Ferreira, 58
Madre Gertrudes
27264-977 das Neves / AL",22,Divorciado
Joaquim da Cruz,"Morro Hellena Costa, 7
Jatobá
40578270 Pimenta / TO",83,Viúvo
Emanuella Carvalho,"Trecho Brito, 9
Esplanada
81472-468 Martins da Mata / RJ",68,Viúvo
Sr. Rafael Mendonça,"Avenida Viana, 488
Alto Barroca
92730268 Alves / CE",35,Divorciado
Leonardo Almeida,"Pátio Arthur Miguel Jesus
Etelvina Carneiro
42126319 Aragão da Praia / MA",60,Viúvo
Eduardo das Neves,"Área Ana Vitória Pacheco, 83
Santa Cecilia
08372023 Mendonça / RJ",58,Divorciado
Ana Beatriz Correia,"Aeroporto de Lima, 10
Santa Lúcia
60215318 Brito / RN",79,Solteiro
Caio Novais,"Condomínio Casa Grande, 64
Jardim Leblon
45143047 Pires de Fernandes / AM",53,Solteiro
Ana Julia Novais,"Vale de Melo, 93
Santa Maria
92359-507 Vasconcelos de Goiás / TO",65,Viúvo
Enzo Martins,"Colônia de Freitas, 259
Estrela
89541-624 Almeida / RR",72,Divorciado
Sophie Fonseca,"Distrito Novais, 783
Lindéia
63659246 Ramos / RS",65,Divorciado
Theodoro Teixeira,"Área de Cirino, 82
Xangri-Lá
33799-659 da Costa dos Dourados / SP",55,Solteiro
Diogo Gomes,"Jardim Maria Clara Correia, 90
Nova America
05869993 Moreira / BA",28,Casado
Stephany Correia,"Viela Maria Clara Araújo, 45
Urca
39731885 Gonçalves / TO",18,Divorciado
Vinícius Andrade,"Praia de Correia
Nova Vista
93200-138 Cassiano / PI",28,Casado
Ana Lívia Correia,"Área Jesus, 302
Vila Madre Gertrudes 1ª Seção
42765853 Pereira / DF",28,Casado
Enzo Moraes,"Chácara Caleb Peixoto
Vila Coqueiral
54413-724 da Costa / SE",54,Solteiro
José Miguel Jesus,"Avenida Silveira, 3
Brasil Industrial
24750-987 da Mata de Goiás / PA",74,Divorciado
Emilly Cavalcante,"Vereda Rodrigues, 46
Frei Leopoldo
17037-508 Cardoso Grande / SC",47,Divorciado
Dr. Gustavo Martins,"Rua de Nascimento
Madri
44954635 Vieira de Fonseca / MA",28,Viúvo
Rebeca Campos,"Rua Machado, 65
Vila São Gabriel
73107409 Vargas / PR",58,Divorciado
Milena Carvalho,"Quadra Ribeiro, 538
Araguaia
75042872 da Luz de Castro / MA",74,Viúvo
Thales Oliveira,"Área de Rezende, 235
Cônego Pinheiro 2ª Seção
48847-799 Fogaça / RJ",26,Casado
Rafaela Azevedo,"Largo da Rosa, 1
Dom Bosco
09071645 da Rocha / RR",49,Solteiro
Bernardo Barbosa,"Esplanada de Sales, 686
Marilandia
88221931 Pires Grande / AM",49,Solteiro
Sr. Enrico Teixeira,"Feira Martins, 54
Vila Calafate
94130759 Albuquerque da Prata / RS",49,Solteiro
Rebeca Cavalcante,"Lago de Castro, 9
São Luiz
54741-945 Moraes de Caldeira / SC",42,Viúvo
Ana Júlia Campos,"Núcleo de Araújo, 66
Vitoria
44278468 Siqueira / MT",64,Solteiro
Rafael Pacheco,"Loteamento de Rezende, 54
Nazare
14676657 Albuquerque / BA",80,Solteiro
Alice da Mata,"Rua de Martins, 59
Conjunto Califórnia I
51907-962 Pimenta do Norte / RN",68,Solteiro
João Pedro Costela,"Fazenda de Mendonça, 66
Esperança
85930384 Nascimento / SP",90,Viúvo
Oliver Moura,"Travessa Isaac Nogueira
Santa Isabel
02209874 Novaes de Gonçalves / SC",74,Viúvo
Raquel Pires,"Campo Rael Costa
Vila Independencia 2ª Seção
31090-788 Montenegro / RN",34,Casado
Sra. Sofia Gonçalves,"Estação Larissa da Mata, 92
Vila Primeiro De Maio
33902-031 Costa de Martins / MG",73,Divorciado
José Pedro da Luz,"Rua Marcelo Teixeira, 23
Nova Pampulha
33220-680 Cassiano / AM",75,Divorciado
Marcos Vinicius Vargas,"Trevo de Ferreira, 82
Tiradentes
17427711 Araújo das Flores / MT",58,Solteiro
Luna Sá,"Praça Marcelo Cunha, 94
Serrano
90912-492 Garcia / DF",18,Divorciado
Felipe Cavalcante,"Rua Nascimento, 19
Vila Madre Gertrudes 2ª Seção
96139058 Caldeira / AM",79,Viúvo
Srta. Ayla Macedo,"Sítio de Nunes, 3
Alto Caiçaras
82770228 Castro / RN",19,Viúvo
Jade Sá,"Rua Jesus, 82
Vila Nova Paraíso
04587629 Campos / ES",51,Casado
Dr. Vinicius da Rocha,"Parque Ana Vitória Moura, 796
Camponesa 1ª Seção
33861947 Oliveira do Amparo / PE",88,Casado
Isabela Araújo,"Lagoa Vasconcelos, 28
Maravilha
39897-704 Casa Grande / TO",18,Viúvo
Dr. José da Rosa,"Distrito Fernanda Borges, 107
Etelvina Carneiro
84017141 Ferreira Alegre / PB",70,Solteiro
Dra. Liz Souza,"Vila Barros, 289
Jardim Do Vale
61780-764 Duarte do Amparo / BA",69,Solteiro
Pedro Novaes,"Pátio Brito, 10
Floramar
59100-091 Jesus / MT",49,Viúvo
Isabelly Aragão,"Viela Monteiro
Campo Alegre
97191-937 Almeida da Prata / AL",66,Solteiro
Maria Luísa da Cruz,"Avenida de Ferreira
Novo Tupi
11642730 Farias / BA",86,Divorciado
Leonardo Sousa,"Avenida João Guilherme Moreira, 3
Copacabana
04621051 Novaes / RR",71,Viúvo
Luiz Otávio Farias,"Lago Ísis Moraes, 68
Caiçara - Adelaide
05841641 Barbosa da Mata / MA",65,Solteiro
Ana Cecília Monteiro,"Estrada da Rosa, 55
Mariquinhas
06705214 Cirino Alegre / ES",60,Casado
Hellena Ramos,"Trecho de da Cruz
Álvaro Camargos
20352-795 Santos de Melo / PI",28,Casado
Diogo da Cunha,"Vila de Costela, 95
Maria Virgínia
44973722 da Conceição do Norte / SP",37,Viúvo
Otávio Jesus,"Trevo Emanuelly Barbosa, 8
Ernesto Nascimento
15778-676 da Mata / TO",54,Viúvo
Théo Sá,"Jardim Pereira, 79
Suzana
90749098 Montenegro / MA",24,Solteiro
Arthur Gabriel da Conceição,"Trecho Rios, 11
Vila Inestan
55831381 Dias / TO",59,Casado
Noah Campos,"Colônia de Rezende, 3
Laranjeiras
52034822 Montenegro das Pedras / CE",37,Divorciado
Letícia Garcia,"Lagoa Gustavo Henrique Novaes, 608
Coqueiros
94252295 Nunes / PR",19,Casado
Dom Barbosa,"Ladeira Gustavo Henrique Mendes, 3
Alto Dos Pinheiros
67916-675 Fernandes de Siqueira / PR",70,Casado
Júlia da Rosa,"Colônia de Brito, 934
Dona Clara
98428-756 Rocha das Flores / RN",60,Casado
Daniela Araújo,"Pátio de Gomes, 24
Bonfim
27748433 Vieira Grande / PA",61,Solteiro
Ana Luiza da Cunha,"Sítio Alexia da Luz
Corumbiara
04081-459 Costela da Serra / RN",49,Solteiro
Isadora Camargo,"Fazenda Cardoso
Distrito Industrial Do Jatoba
99531551 Marques da Serra / BA",35,Viúvo
Maitê Borges,"Condomínio Alexandre Aragão, 14
Cônego Pinheiro 2ª Seção
06730-380 Barbosa das Pedras / ES",40,Divorciado
Yan Peixoto,"Residencial Sampaio, 89
Vila Pinho
18939133 Albuquerque do Norte / PB",60,Solteiro
Bruna Guerra,"Travessa André Vasconcelos, 42
Vila Nova Cachoeirinha 2ª Seção
06296-172 Moura / PR",25,Casado
José Miguel Rezende,"Esplanada Juliana Pereira, 5
Teixeira Dias
78036404 Duarte de Marques / SP",60,Divorciado
Sr. Mateus Abreu,"Estação João Pedro Vasconcelos, 3
Alto Barroca
56133-102 Guerra Grande / RS",89,Casado
Ana Luiza Fogaça,"Favela Valentina Garcia, 59
Serra
84602163 Guerra / MS",51,Divorciado
Marcos Vinicius Nascimento,"Fazenda Teixeira
Buritis
24973-408 Campos / AC",23,Divorciado
Pietro Garcia,"Feira Campos
Leonina
84097717 Montenegro das Flores / CE",25,Solteiro
Otto Silveira,"Distrito de da Costa, 905
Maria Tereza
57775-438 Abreu das Flores / AM",77,Divorciado
Maysa Sales,"Setor Barbosa, 5
Vila Piratininga Venda Nova
34189-749 Borges / MS",28,Viúvo
Sarah Martins,"Pátio Cavalcanti, 65
Santa Cecilia
85303667 Ribeiro / RJ",69,Viúvo
Srta. Julia Rocha,"Quadra Natália Castro, 103
Maria Helena
93681428 Gonçalves / AM",18,Divorciado
Emanuel Sá,"Lagoa da Mota, 93
Santa Rita
52582743 Vargas do Oeste / RS",27,Solteiro
Luan Machado,"Pátio de Aparecida, 2
Jardim São José
56513-968 Sampaio do Sul / ES",70,Casado
Gael Henrique Abreu,"Avenida Théo Peixoto
Nossa Senhora De Fátima
22665383 Viana de Aragão / TO",59,Viúvo
Pietra Correia,"Morro de Freitas, 4
Vila Ecológica
60153-584 da Costa da Mata / AL",79,Solteiro
Lara Pastor,"Recanto Cassiano, 65
Belmonte
05848-043 Cavalcante / MT",77,Viúvo
Ana Clara Moraes,"Residencial Isis Mendonça, 9
Sport Club
72625041 Martins / RR",54,Divorciado
Clara Costa,"Trecho de Cassiano, 99
Alto Caiçaras
52621-360 Araújo das Pedras / ES",49,Divorciado
Lívia Sampaio,"Parque Davi Luiz Brito, 53
Paraíso
51605-397 Siqueira do Norte / PE",43,Divorciado
Mariana Guerra,"Lagoa de Marques, 74
Sagrada Família
04063-363 Novaes / BA",19,Viúvo
Heloisa Silva,"Campo Nathan Carvalho, 75
Vila Barragem Santa Lúcia
08396-166 Barbosa de Martins / RR",56,Divorciado
João Vitor Viana,"Estrada Porto, 62
Pindorama
36612276 Cardoso de Mendonça / PA",88,Casado
Erick Ribeiro,"Travessa de Camargo, 11
Xangri-Lá
07585-823 Gomes das Pedras / SC",42,Divorciado
Sr. Levi Almeida,"Condomínio de Fernandes, 18
Vila Antena
18964-611 Viana do Campo / AL",26,Divorciado
Davi Luiz Nunes,"Núcleo Siqueira, 983
Canaa
84304860 Campos de Rios / RR",78,Viúvo
Apollo Marques,"Trevo Ferreira, 61
Madre Gertrudes
72879969 Machado / PB",45,Viúvo
Thales Novaes,"Fazenda Cauã Rezende, 786
Monsenhor Messias
31016785 Barros / SP",89,Solteiro
Isabel Rezende,"Estação Novais, 101
Cidade Nova
20015230 Rezende / ES",74,Casado
Sra. Ágatha Castro,"Favela de da Cruz, 45
Sion
84945630 Rocha do Campo / MA",80,Viúvo
João Pedro Gonçalves,"Via Vicente Guerra, 72
Beija Flor
37265-085 Rodrigues da Praia / DF",22,Divorciado
Danilo Moura,"Vale de Albuquerque
Urca
84794-765 Alves / MA",80,Solteiro
Anna Liz Câmara,"Trecho Cirino, 1
Estoril
05434525 Costa das Flores / RS",31,Viúvo
Sra. Laura Pereira,"Esplanada Farias, 602
Bandeirantes
17508508 Leão de Abreu / AC",60,Casado
Amanda Silveira,"Fazenda de Gonçalves, 648
Aguas Claras
47883-218 Pacheco / TO",37,Solteiro
Emilly Martins,"Pátio Jesus, 41
Conjunto Jardim Filadélfia
02374-052 Monteiro do Norte / PA",84,Casado
Liz Cirino,"Setor Vieira, 55
Rio Branco
61756035 Mendes de Souza / BA",24,Casado
Maria Eduarda Araújo,"Sítio João Felipe Barros
Jardim Vitoria
88050125 da Luz Alegre / RS",89,Viúvo
Renan Aparecida,"Conjunto Leão, 5
Universo
79802-059 Barbosa de Goiás / RR",80,Casado
Pietra das Neves,"Viaduto Novaes, 663
Alta Tensão 2ª Seção
34737-255 Vasconcelos da Prata / RR",66,Divorciado
Augusto Casa Grande,"Campo de Correia, 47
Alto Vera Cruz
39008783 Pereira de Goiás / PA",19,Divorciado
Renan Machado,"Fazenda Sá, 726
Nova America
93269-547 Viana / DF",77,Divorciado
Dra. Sofia Guerra,"Esplanada de Cavalcanti, 69
Nova Vista
25653-201 Sampaio / PB",48,Divorciado
Luiz Miguel Rios,"Campo Ana Beatriz Moreira, 83
Chácara Leonina
59706068 Andrade / PI",85,Divorciado
Bryan Casa Grande,"Setor Melo, 36
Tupi B
23223-549 Costa / RO",39,Divorciado
Bárbara Novaes,"Sítio de Souza, 46
Vila São Gabriel Jacui
07028212 Jesus / PA",32,Divorciado
Maria Julia Nogueira,"Estação Mendes, 55
São Jorge 2ª Seção
76820066 da Costa da Serra / SE",27,Casado
Lavínia Mendonça,"Chácara Francisco Fernandes, 7
Novo São Lucas
77895-151 Fogaça da Praia / MA",70,Casado
Luiz Miguel Siqueira,"Travessa Carvalho, 48
Nossa Senhora De Fátima
51032898 Martins de Goiás / PI",34,Solteiro
Isadora da Paz,"Núcleo Oliveira
Petropolis
91086-098 Nascimento do Norte / AM",88,Viúvo
Hadassa Costela,"Residencial Yago Aragão, 89
São Francisco
33586-635 Fonseca / RO",86,Divorciado
Maria Helena Cassiano,"Chácara Vieira, 9
Gutierrez
85529442 Dias / MA",28,Divorciado
Dr. Igor Mendonça,"Conjunto Vargas, 723
Vila Antena Montanhês
05015284 Freitas do Sul / RS",18,Casado
Raul Moura,"Travessa Garcia, 583
Madri
10253972 Andrade da Serra / MA",79,Casado
Isis Machado,"Jardim Sabrina Melo, 30
São Pedro
15580203 Borges Verde / RN",18,Divorciado
Noah da Mota,"Morro de Albuquerque
Mineirão
21090-888 Aparecida Alegre / SE",66,Viúvo
Isabela Sá,"Recanto de Novaes, 1
Ipe
49153-429 Nunes de Sá / ES",44,Viúvo
Dr. Léo Fernandes,"Via de Rodrigues, 69
Universitário
30365-711 Ramos / PA",44,Divorciado
Dra. Ana Lívia Moraes,"Esplanada Natália Rocha, 61
Etelvina Carneiro
46379607 Mendonça / SE",27,Casado
Levi Macedo,"Fazenda Ana Júlia da Rocha, 904
Vila Formosa
13647-985 da Mota / MT",38,Viúvo
Vicente da Conceição,"Recanto de Marques, 739
Granja Werneck
86859715 da Costa do Galho / RR",46,Viúvo
Gustavo Henrique Andrade,"Viaduto Correia
Ouro Preto
37604-736 Castro / AC",36,Solteiro
Aurora Cardoso,"Campo Luísa Fonseca, 28
Acaiaca
70944719 Cavalcante / RO",50,Casado
Juliana Guerra,"Fazenda Maria Fernanda Moraes
Novo Santa Cecilia
11954859 Abreu / MA",28,Casado
Rael Martins,"Avenida Carlos Eduardo da Rosa, 7
Vila Rica
24011002 Garcia do Galho / GO",78,Casado
João Miguel Moura,"Viaduto de da Rosa
Mangueiras
53690729 Borges / PB",85,Divorciado
Ian Machado,"Área Campos, 96
Comiteco
51476311 Lima / AL",32,Casado
Srta. Luna Peixoto,"Trecho Davi Lucca Araújo, 28
Dom Silverio
93452288 Fonseca do Oeste / BA",40,Divorciado
Mathias Garcia,"Morro Sousa, 3
Santa Helena
17812-389 Pastor do Amparo / RN",48,Solteiro
Ana Clara Costa,"Colônia Campos
Antonio Ribeiro De Abreu 1ª Seção
99687725 Leão / PE",88,Casado
Dr. Kevin Moreira,"Viaduto Melissa Moraes
Vila Nova Cachoeirinha 3ª Seção
03929-579 da Paz de Marques / ES",41,Viúvo
Brayan da Paz,"Trevo Rebeca Cavalcante, 92
Planalto
57783954 Brito / PI",36,Divorciado
Pedro Henrique Garcia,"Trevo de Moura, 11
Maria Tereza
35925-048 Marques / BA",57,Divorciado
Dra. Fernanda Nascimento,"Distrito da Paz, 430
Venda Nova
81641-958 Nogueira / AP",59,Casado
Benício Ferreira,"Travessa Mendes, 89
Santa Sofia
98550849 da Conceição das Pedras / RO",79,Viúvo
Josué Lima,"Recanto Thiago Rocha, 109
Ouro Preto
59090-014 Gomes de Mendes / RS",44,Viúvo
Ayla Alves,"Condomínio Luara Brito
Nova Cintra
88358357 Pereira / SP",37,Viúvo
Júlia Nunes,"Morro das Neves, 55
Marieta 3ª Seção
72171-111 Jesus Grande / SP",55,Solteiro
Enzo Ribeiro,"Travessa Alves, 19
Vila Independencia 3ª Seção
22140-779 Ramos de Minas / PI",36,Solteiro
Anthony Cassiano,"Viela de Aragão, 88
Estrela
66925555 Moreira / PE",81,Solteiro
Helena Fogaça,"Campo de Siqueira, 85
Ademar Maldonado
48918602 Camargo das Pedras / AP",40,Solteiro
Catarina Dias,"Viaduto Juliana Pastor, 7
Olaria
63197909 Garcia / SP",63,Divorciado
Isadora Gonçalves,"Alameda Juan Fernandes, 32
Vila Petropolis
10643411 Sampaio de Machado / MS",71,Divorciado
Enzo Freitas,"Favela Peixoto, 37
Vila Pinho
59750363 Garcia / AM",50,Divorciado
Maria Eduarda Pastor,"Recanto Freitas, 330
Santa Sofia
20634-328 Borges / RR",59,Divorciado
Cauê Albuquerque,"Sítio Melo, 19
Providencia
40543-112 Caldeira Verde / SC",50,Solteiro
Sr. João Vitor Souza,"Praça de Lima
Vila Nova Paraíso
92038-455 Barros / PB",79,Solteiro
Srta. Isis Albuquerque,"Campo de Lopes, 49
Mariquinhas
55665-427 da Mata / RN",59,Solteiro
José Abreu,"Trevo Leão, 367
Aarão Reis
49480152 Vasconcelos de Aragão / AM",19,Casado
Elisa Vieira,"Praia Pereira, 4
Jardim América
05065-957 Dias / RO",30,Solteiro
Francisco da Cruz,"Praça Mateus da Rocha, 76
Monte Azul
14079-663 Gomes / TO",42,Viúvo
Caleb Ramos,"Condomínio de Melo, 36
Vila Aeroporto Jaraguá
44186-332 Borges / MT",82,Casado
Hellena Fogaça,"Alameda de Camargo, 900
Paraíso
99665716 Cirino Paulista / DF",68,Solteiro
Davi Lucas Jesus,"Travessa Murilo Dias, 1
Nossa Senhora Da Conceição
84175-629 Nascimento dos Dourados / AP",86,Solteiro
Lunna Pereira,"Esplanada Silveira, 33
Paulo Vi
70755913 Castro Paulista / PB",90,Viúvo
Yago Costa,"Residencial Viana, 75
Chácara Leonina
60729155 Camargo de Pacheco / MA",21,Casado
João Felipe Rezende,"Feira Santos, 97
Barão Homem De Melo 3ª Seção
13093401 Lopes de Minas / RN",43,Viúvo
Dra. Nicole Araújo,"Estrada Davi Lucca Garcia, 52
Trevo
26472-514 da Rocha dos Dourados / RR",23,Casado
Dr. Leandro da Cruz,"Campo Campos, 37
Tres Marias
11792-849 da Rocha do Oeste / RO",20,Divorciado
Milena Fernandes,"Trecho da Paz, 4
Vila Da Luz
43462-342 Ribeiro da Mata / AL",21,Casado
Eduarda Lima,"Praia Carvalho, 166
Canaa
91452-318 Siqueira de da Rocha / MG",60,Divorciado
Natália Freitas,"Trevo da Luz, 238
Santo André
26609-047 Pimenta / CE",19,Solteiro
Ester Jesus,"Campo de Dias, 6
Senhor Dos Passos
10777-899 Albuquerque / AC",66,Casado
Matheus Pires,"Esplanada de Guerra, 82
Novo Ouro Preto
97454-293 Machado / TO",46,Divorciado
Sr. João Felipe Costa,"Conjunto de Carvalho, 2
Vila Nossa Senhora Do Rosário
16908-708 Rios / PE",27,Divorciado
Lucca Novais,"Alameda de Correia, 64
Ernesto Nascimento
40171768 Câmara / PB",54,Viúvo
Aylla Cavalcante,"Feira de Macedo, 374
Solar Do Barreiro
14539-089 Sá da Serra / PI",80,Casado
Ana Luiza da Cunha,"Trecho de Camargo, 54
Vila Jardim Leblon
26680-867 Cavalcanti / GO",56,Divorciado
Théo Siqueira,"Distrito de Araújo, 8
Lorena
05420477 da Conceição / MS",52,Viúvo
Ana Lívia Araújo,"Colônia de Aparecida, 48
Anchieta
33570729 Alves de Pinto / PA",36,Divorciado
Stephany Cardoso,"Vereda de Cassiano
Cidade Jardim
98231-157 Pastor de Porto / CE",78,Divorciado
Raquel Leão,"Vila Aragão
Lajedo
85218217 Sá / SP",22,Divorciado
Maria Luiza Castro,"Parque de Siqueira, 90
Jardim América
15123-208 Barbosa / MS",67,Solteiro
Diogo Pereira,"Distrito Guerra, 5
Biquinhas
01794193 Lopes das Flores / MS",18,Solteiro
Mariah da Conceição,"Recanto Pastor, 6
Urca
84110883 Nunes / RR",34,Solteiro
Benicio da Rocha,"Loteamento Duarte, 10
Vila Califórnia
68391-878 da Cunha da Praia / PE",31,Solteiro
Dra. Alana Costa,"Fazenda Nogueira, 97
Lourdes
37263-989 Mendes / PR",90,Casado
Dom Siqueira,"Condomínio de Novais, 9
Vila Antena
49102-640 da Cunha da Serra / DF",50,Viúvo
Nicolas Ferreira,"Alameda de Pimenta, 93
Casa Branca
76445687 Castro Alegre / RS",56,Viúvo
Bryan Moreira,"Área Cecília da Mata, 8
Vila Paraíso
90703740 das Neves Grande / SP",68,Solteiro
Mariane Peixoto,"Feira de Monteiro, 782
Penha
95298783 Cassiano Grande / MT",22,Solteiro
Camila Gonçalves,"Rua da Paz, 97
Ipe
36248-198 Mendonça de Cassiano / CE",84,Divorciado
Lorena Pimenta,"Vereda Barbosa, 46
Brasil Industrial
21512-448 Rodrigues de Guerra / SP",37,Casado
Lara Vargas,"Quadra de Leão, 93
Vila Santa Monica 1ª Seção
84480977 Viana / SC",73,Viúvo
André Cardoso,"Esplanada de Souza, 83
Confisco
37609-051 Azevedo de da Luz / RN",28,Solteiro
Melissa Vasconcelos,"Lagoa de Cavalcante, 2
Coqueiros
85637-158 Nascimento do Amparo / RJ",29,Viúvo
Bryan Dias,"Núcleo de da Luz, 5
Boa União 1ª Seção
89927913 Nunes da Serra / RN",66,Casado
Luísa Farias,"Fazenda de das Neves, 581
São Cristóvão
27107-772 Cavalcanti / DF",77,Divorciado
Dr. Yuri Sales,"Largo Barros
Flamengo
53090769 Moreira / RS",79,Divorciado
Ravi Vargas,"Via Camila Rezende, 3
Lorena
28421-527 Rocha / RR",48,Divorciado
Vitor Câmara,"Campo de Melo, 61
Vila Real 2ª Seção
84684761 Fonseca / PA",87,Casado
Otto Gonçalves,"Alameda de da Rosa, 87
Havaí
52314165 Casa Grande do Galho / SE",55,Solteiro
Dr. Leandro Costa,"Via Noah da Rocha, 3
Novo Glória
24027535 Silva da Serra / RO",90,Divorciado
Gael Costa,"Avenida Luísa Mendonça, 13
Dom Joaquim
31001-842 Câmara de Minas / TO",60,Viúvo
Ana Liz Rodrigues,"Condomínio Antônio Barbosa, 495
Santo Antônio
18137525 da Mata do Sul / MT",18,Viúvo
Vinicius Machado,"Avenida de da Conceição
São Gabriel
50140-556 Pereira / MG",55,Casado
Asafe Novaes,"Aeroporto Raul Porto, 50
Cachoeirinha
83202-707 Aragão / MT",81,Solteiro
Dra. Melina Peixoto,"Trecho de da Conceição
Conjunto Bonsucesso
30846335 Cardoso / PB",77,Divorciado
Thomas Freitas,"Esplanada Maria Helena da Rocha, 96
Varzea Da Palma
14076144 Silva / PB",82,Casado
Dante Vasconcelos,"Loteamento Vasconcelos, 68
Das Industrias I
56804492 Viana / MA",50,Solteiro
Maria Cecília Casa Grande,"Vereda Oliveira
Vila Madre Gertrudes 1ª Seção
11539-723 Peixoto / RJ",32,Divorciado
Sr. João Pedro Pereira,"Estação Câmara
Nossa Senhora Do Rosário
08198-418 Leão / AC",72,Solteiro
Juan Moreira,"Avenida Leão, 5
Conjunto Bonsucesso
90619-940 Moraes / MS",57,Solteiro
Sr. Otávio Aragão,"Fazenda Gomes
Floramar
06808988 Moura / CE",31,Divorciado
Maria Sophia Souza,"Condomínio Gonçalves, 72
Cônego Pinheiro 2ª Seção
63116-564 Fogaça / PB",22,Solteiro
Alexia Dias,"Loteamento Liam Aparecida, 51
Caiçaras
84969124 Silveira / GO",89,Casado
Mirella da Rosa,"Área de Gonçalves, 81
Funcionários
45686-357 Sousa / CE",26,Viúvo
Maria Fernanda Siqueira,"Lagoa de Pacheco, 30
Castanheira
84179058 Barros de Goiás / RJ",85,Divorciado
Olívia Sampaio,"Sítio Luiz Felipe Mendes, 22
Conjunto São Francisco De Assis
10105333 Rodrigues de Pastor / PB",56,Divorciado
Caroline Cirino,"Passarela Pietra Porto, 948
Capitão Eduardo
12451-410 das Neves / PB",80,Viúvo
Antonella Albuquerque,"Lago Maria Clara Jesus, 68
Vila Nova Cachoeirinha 1ª Seção
00252952 Costela do Oeste / PB",87,Solteiro
Anna Liz Teixeira,"Conjunto de Brito, 45
São Gonçalo
96782556 Leão / RJ",21,Divorciado
Antonella Leão,"Núcleo Theo Cavalcante, 88
Vila Nova Cachoeirinha 1ª Seção
88337387 Barbosa das Pedras / PA",39,Viúvo
Alana Cassiano,"Sítio de Teixeira, 266
Vitoria Da Conquista
49198-658 Martins / RJ",55,Divorciado
Maria Flor Garcia,"Alameda Vinícius Garcia
Cardoso
20868-099 Rios da Praia / BA",38,Divorciado
João Pedro Barbosa,"Alameda de Costela
Vila Oeste
39854508 Lima da Mata / RJ",28,Divorciado
Apollo Carvalho,"Jardim Nunes, 90
Minas Caixa
41203-836 Pires das Pedras / PA",22,Casado
Thales Dias,"Favela Fogaça, 55
Vila Nossa Senhora Do Rosário
39171426 Teixeira / SE",29,Solteiro
Dante Duarte,"Parque Rezende
Vila Ouro Minas
51263127 Casa Grande de da Mota / PE",77,Casado
Diego Macedo,"Praia Fernandes, 92
Vila Vista Alegre
17494273 Ribeiro de Andrade / SP",21,Viúvo
Ana Luiza Azevedo,"Fazenda de Rocha, 60
Pantanal
74164-127 Novaes dos Dourados / AL",72,Solteiro
Theo Pinto,"Recanto de Leão, 510
União
80513622 Rocha / ES",35,Viúvo
Sra. Carolina Gomes,"Avenida de Monteiro, 43
Minas Brasil
76444430 Peixoto / AP",39,Casado
Dra. Daniela Leão,"Chácara de Pastor, 969
Estoril
62739911 Andrade do Amparo / ES",32,Viúvo
Enzo Gabriel da Mata,"Campo Isabela Campos, 3
Havaí
65843539 Rodrigues de Leão / AP",42,Solteiro
Ian Melo,"Esplanada Novais
Bandeirantes
09808709 da Mota do Amparo / MS",78,Solteiro
Dr. Diego Novais,"Praça Carvalho, 4
Guaratã
02434597 Sampaio da Serra / BA",64,Solteiro
Dra. Maria Laura Novaes,"Passarela de Câmara, 68
Paraíso
33432300 Siqueira das Pedras / RN",29,Casado
José Pedro Silva,"Rua Isabelly Nogueira, 81
Marieta 2ª Seção
63596-996 Lopes de Abreu / AL",38,Divorciado
Diogo Pereira,"Setor de Rios, 22
São Benedito
70569-318 Macedo de Porto / AL",31,Viúvo
Diego Melo,"Fazenda Barbosa, 15
Diamante
11383-009 Viana / RS",40,Divorciado
Francisco Pinto,"Quadra da Luz, 47
Custodinha
76523-069 Porto de Rios / MG",30,Viúvo
Dra. Valentina Sampaio,"Viaduto de Camargo
Canaa
71250169 Nunes da Prata / MG",53,Solteiro
Isaque Cardoso,"Feira Viana, 68
Vila Santo Antônio
40112640 Vargas / SC",48,Viúvo
Luiz Gustavo Nascimento,"Lago da Mata, 50
Calafate
55798-155 Alves do Sul / ES",90,Solteiro
Bianca Rezende,"Distrito Silveira
Tupi A
36918-888 Cassiano / AL",34,Divorciado
Luara Macedo,"Viela Ribeiro, 553
Vila Jardim Leblon
68628393 Casa Grande / RJ",59,Solteiro
Amanda Casa Grande,"Trevo Bruno Almeida, 19
São Jorge 1ª Seção
26238-081 Novais / MT",45,Solteiro
Cauê Albuquerque,"Trecho Maya Cunha, 50
Grajaú
53565298 da Cruz do Oeste / SE",57,Solteiro
Théo Andrade,"Praia de Câmara, 4
Vila Madre Gertrudes 2ª Seção
64924620 Aragão / SE",43,Solteiro
Ana Júlia Moraes,"Rodovia de Melo, 9
Santo André
62511-695 Freitas Grande / PA",38,Casado
Aylla Vargas,"Área Nunes, 8
São Bernardo
49519-447 Casa Grande / MS",73,Viúvo
Diogo Leão,"Recanto Sousa, 33
São Damião
43782803 Sá / MA",65,Divorciado
Otto Albuquerque,"Conjunto Ayla Oliveira, 3
Vista Do Sol
09945-068 da Paz das Flores / RO",73,Solteiro
Luiz Felipe Novaes,"Estrada de Cavalcanti
Cônego Pinheiro 2ª Seção
56754-868 Sousa de Goiás / PA",26,Divorciado
Thiago Rios,"Colônia Pedro Lucas Mendes
Dom Silverio
72607-296 Macedo / AC",39,Divorciado
Rodrigo Gomes,"Ladeira Luiz Fernando Nogueira, 34
Ápia
48070988 Rios / MS",90,Divorciado
Lunna da Costa,"Travessa Rhavi das Neves, 60
Céu Azul
22544-984 Ribeiro / TO",47,Viúvo
Eduardo da Paz,"Vereda da Rosa, 95
Planalto
70681254 Oliveira do Amparo / PA",72,Casado
Olívia Gonçalves,"Sítio Campos
Santa Terezinha
82079-723 Melo das Flores / CE",70,Divorciado
Thomas Sousa,"Jardim Laura Monteiro
Vila Ouro Minas
13392687 da Luz da Praia / DF",53,Divorciado
André Ramos,"Trecho de Marques, 73
Bonfim
01654357 Borges das Flores / PB",24,Solteiro
Sr. Cauã da Rocha,"Travessa de Leão, 161
Satelite
97176486 Duarte das Pedras / MS",42,Viúvo
Bella Pires,"Residencial da Paz, 37
Vila Ouro Minas
11668034 Moura de Aparecida / AC",84,Casado
Ísis Martins,"Vale Pereira
Vila Das Oliveiras
42163534 Leão do Sul / RN",20,Casado
Oliver Souza,"Distrito de Mendes, 3
Vila São Gabriel
19988591 das Neves de Carvalho / GO",54,Divorciado
Sr. Luiz Otávio Rezende,"Viela Luara da Paz, 20
Lorena
75588311 Carvalho / GO",53,Casado
Rael Farias,"Aeroporto Bella Ferreira, 339
Barro Preto
35904403 Porto / AM",43,Divorciado
Maria Helena Camargo,"Sítio de Costela, 86
São Francisco
68296-247 da Cruz / RO",21,Divorciado
Kamilly Andrade,"Viaduto de Correia, 79
Baleia
97486961 Cardoso / AP",76,Viúvo
Sr. Theo Costela,"Campo de Santos, 15
Vila Paraíso
71860195 Gonçalves / TO",69,Divorciado
Sr. Mathias Costa,"Viela Ana Clara Vasconcelos, 98
Palmares
13485-684 Duarte / RO",67,Casado
Luara Mendonça,"Recanto da Mota, 58
Santa Rita
50683-515 Almeida da Praia / MT",31,Viúvo
Dra. Bruna Brito,"Passarela Murilo Oliveira, 30
Vila Independencia 3ª Seção
12655483 Nogueira / AM",32,Solteiro
Gabriela Correia,"Via Martins
Jardim Felicidade
62780-527 Santos de Goiás / MS",30,Viúvo
Fernando Costela,"Vereda de Santos, 89
Mangueiras
79259650 da Costa / SP",90,Viúvo
Maitê Azevedo,"Viaduto Borges, 14
Outro
76686-022 Abreu do Oeste / MA",89,Solteiro
Maria Clara Sá,"Colônia de Cavalcante, 919
Paraíso
96241-153 Mendes / SC",43,Viúvo
Breno Casa Grande,"Campo Vieira, 127
Boa Viagem
77480410 Costela de Gomes / MA",32,Casado
Benício Moura,"Conjunto de da Conceição, 62
Novo Aarão Reis
82943-633 Aragão de Silva / MT",28,Solteiro
Sra. Brenda Jesus,"Travessa Rodrigo Mendonça, 465
Morro Dos Macacos
72558664 da Cruz das Pedras / CE",58,Casado
Murilo Sousa,"Loteamento de Pinto
Santa Amelia
31496-472 Câmara do Galho / PR",54,Viúvo
Hadassa Silva,"Largo de Cavalcanti, 590
Pongelupe
00169-779 Macedo / PB",46,Solteiro
Sophie Camargo,"Parque de Vieira, 89
Conjunto São Francisco De Assis
33327459 Sousa de Siqueira / RN",24,Solteiro
Thales da Cunha,"Chácara Erick Macedo, 8
Vila Real 1ª Seção
28947-130 Guerra / MG",57,Casado
Raquel Farias,"Sítio de Câmara, 1
Caiçara - Adelaide
76896-413 Araújo do Galho / SP",74,Divorciado
Dra. Maria Luiza Cunha,"Lagoa Souza, 69
Granja Werneck
62157-850 Araújo / RN",30,Casado
Maysa Almeida,"Setor Fernandes
Novo São Lucas
23163-787 Monteiro / RJ",52,Solteiro
Sra. Nicole da Mata,"Jardim de Moraes, 26
Acaba Mundo
40371484 Rocha da Serra / MG",59,Divorciado
Dr. Luiz Gustavo da Cunha,"Chácara de da Rosa, 26
Caetano Furquim
17756-814 das Neves / AM",43,Divorciado
João da Luz,"Núcleo Davi Luiz Borges, 63
Vila Novo São Lucas
34266-257 Lopes Alegre / MT",50,Solteiro
Larissa Lima,"Loteamento Cavalcante
São Jorge 2ª Seção
50411903 da Cunha da Mata / PA",59,Casado
Sra. Maria Vitória Alves,"Lagoa de Gonçalves, 64
Nova Gameleira
53259999 Novaes Alegre / SP",47,Viúvo
Luísa Martins,"Quadra de Aragão, 96
Flamengo
94763625 Macedo da Mata / RS",27,Divorciado
Cecília Jesus,"Distrito de Melo, 83
Alto Das Antenas
33201054 Mendonça Grande / PB",19,Casado
Pedro Viana,"Viaduto Sampaio, 573
Vila Cloris
58521-445 Moreira dos Dourados / AP",76,Solteiro
Beatriz Viana,"Condomínio Duarte, 94
São Salvador
60284-970 Farias / PR",58,Viúvo
Dr. Leonardo Rios,"Pátio de Duarte, 94
Vila Puc
03983-542 Vasconcelos / PA",27,Casado
Luan Caldeira,"Largo Dante Monteiro, 37
Vila Cemig
87147582 Ribeiro / PE",79,Casado
Alexia Vargas,"Alameda Luiza Araújo, 28
Nossa Senhora Do Rosário
80969310 Moraes / RS",65,Solteiro
Asafe Vasconcelos,"Setor Macedo, 352
Santa Amelia
61877484 Rios de Moura / AL",72,Viúvo
Luigi Barros,"Via de Castro
Indaiá
55802522 Azevedo / AC",57,Solteiro
Fernando Dias,"Recanto Ramos, 454
Vera Cruz
01164-859 Cavalcanti de da Cruz / RR",18,Viúvo
João Gabriel Viana,"Esplanada de Pimenta, 441
Cenaculo
78698-643 Pacheco / ES",32,Divorciado
Vinicius Sá,"Lagoa Sabrina Albuquerque, 7
Vila Madre Gertrudes 1ª Seção
47927-542 Barros / DF",61,Solteiro
Mateus Rocha,"Recanto de Sampaio, 382
Vila Nova Gameleira 3ª Seção
77151937 Mendonça / GO",85,Casado
Enzo Cirino,"Parque Gomes, 38
Ápia
70469845 Ribeiro / AP",30,Solteiro
Guilherme da Rocha,"Parque de Sá, 588
Maria Goretti
17485194 Monteiro de Minas / PB",55,Viúvo
Isaque da Mota,"Largo de Viana, 3
João Alfredo
34770-540 Cavalcante das Pedras / GO",41,Casado
Yan Fonseca,"Estrada Diogo da Luz, 580
Santa Efigênia
02511-078 Viana / PI",54,Divorciado
Mariah Duarte,"Jardim de Garcia, 3
Vila Santa Monica 2ª Seção
56375859 Pires / GO",59,Viúvo
Dr. Vitor Hugo Oliveira,"Avenida Thiago da Cruz, 9
Garças
87139-931 Machado / SE",72,Solteiro
Emanuella Ferreira,"Pátio Clara da Paz, 95
Alpes
54341-155 Câmara / MA",66,Casado
Ana Clara da Conceição,"Passarela Gael Henrique Mendonça, 83
Santa Rita De Cássia
58371-183 Silva da Praia / DF",88,Divorciado
Bernardo Abreu,"Rodovia Castro, 37
Mariano De Abreu
19228170 Moraes / SE",80,Viúvo
João Felipe Jesus,"Trecho Moura, 752
União
43383-854 Aragão / SC",45,Solteiro
Bruna Campos,"Residencial Silva, 59
São Lucas
95106156 da Paz / TO",61,Solteiro
Natália Garcia,"Conjunto de Sales, 636
João Paulo Ii
06345-880 da Costa / MG",50,Viúvo
Bryan Monteiro,"Trecho da Rocha, 11
São Francisco
34291-982 Rios de Correia / BA",22,Viúvo
Marcos Vinicius Cirino,"Residencial de Costa, 40
Dona Clara
41990-191 Cassiano Paulista / RO",81,Viúvo
Cecilia Ramos,"Vila de Santos, 506
Ernesto Nascimento
57140-791 da Paz da Prata / PE",29,Casado
Murilo Andrade,"Avenida Andrade, 42
Grajaú
90797-213 da Conceição / RR",35,Viúvo
Mateus Lopes,"Viela Dom Caldeira
Ribeiro De Abreu
70620956 Abreu / RJ",62,Casado
Diogo Silveira,"Largo João Guilherme Brito
Vila Suzana Segunda Seção
96094-531 Cirino das Flores / RN",29,Viúvo
João Vitor Cirino,"Chácara de Mendes, 69
Vila Aeroporto Jaraguá
02969370 Castro de Sá / SP",59,Casado
Julia Aparecida,"Condomínio de Pacheco, 63
Parque São Pedro
10026963 Ribeiro / SE",40,Solteiro
Dr. João Lucas Marques,"Sítio Theo Almeida, 3
Pirineus
48128-816 Barros / AP",25,Solteiro
Kamilly Guerra,"Rodovia Ana Laura Jesus
Vitoria Da Conquista
54454329 Pastor Paulista / MA",43,Divorciado
Murilo Nunes,"Pátio Borges, 419
Marieta 2ª Seção
17687332 da Cunha / CE",70,Divorciado
Maria Alice Fonseca,"Parque Viana, 47
Santa Isabel
85462-374 Sales do Galho / ES",85,Divorciado
Zoe Santos,"Recanto Henry Barros, 54
Marieta 3ª Seção
91855729 Ribeiro / RO",30,Viúvo
Sr. Davi Marques,"Praia de Nascimento, 37
Vila Aeroporto
54949-559 Rios do Oeste / AM",19,Casado
Sr. João Lucas Leão,"Parque de Pereira
Conjunto Taquaril
03154910 Guerra do Norte / MS",32,Viúvo
Sofia Araújo,"Travessa de da Cruz
Vila Oeste
22996-829 Casa Grande de Gonçalves / AP",65,Casado
Milena Martins,"Quadra Cavalcante, 2
Canaa
89905851 Macedo / CE",26,Solteiro
Isadora Fernandes,"Avenida Novaes, 969
Tiradentes
70838-886 Novaes Paulista / RJ",76,Solteiro
Mariane da Conceição,"Conjunto Vieira, 64
São Lucas
80189-157 Azevedo do Sul / RO",85,Viúvo
Júlia Cardoso,"Alameda de Nunes, 8
Floresta
50678-002 da Paz / MS",33,Divorciado
Nicolas Farias,"Feira de Peixoto, 28
Alípio De Melo
22271-984 Viana Grande / RN",59,Divorciado
Pedro Henrique das Neves,"Trecho de da Luz, 72
Carmo
26213326 Montenegro de Carvalho / RN",73,Casado
Emilly da Rocha,"Área Siqueira, 89
São Pedro
46253-733 Caldeira / SC",42,Divorciado
Sra. Mariah Costela,"Avenida Aragão, 152
Vila Do Pombal
28401046 Pastor das Pedras / MS",78,Solteiro
Isabelly Correia,"Distrito Souza, 56
Sport Club
33378-132 Silveira / RS",87,Casado
Isis Moraes,"Praia Kaique Fernandes, 19
Barão Homem De Melo 2ª Seção
72379-910 Rezende / TO",84,Viúvo
Dr. Calebe Moreira,"Estrada Cecília da Rocha, 9
Campo Alegre
89288006 Abreu de Minas / MA",78,Solteiro
Daniel Jesus,"Aeroporto Liam Abreu, 66
Estrela
71700298 Araújo de Brito / AL",85,Casado
Sra. Olivia Oliveira,"Viela Pedro Lucas Mendonça, 254
Comiteco
23742-535 Araújo / MT",88,Solteiro
Calebe Sampaio,"Núcleo Araújo, 13
Gameleira
60357-501 Fonseca da Mata / TO",57,Casado
Giovanna Farias,"Feira de Cunha, 94
Vale Do Jatoba
65457275 Montenegro / RO",51,Viúvo
Maria Sophia Albuquerque,"Chácara da Luz, 133
Beija Flor
29935-812 da Luz de Ramos / RO",35,Casado
Fernando Monteiro,"Núcleo de da Cruz, 43
Vila Santo Antônio
08554928 Fernandes / RJ",44,Casado
Sra. Maria Vitória Campos,"Alameda Castro, 84
Nova America
50488-994 Nunes dos Dourados / RJ",78,Divorciado
Rebeca da Cruz,"Vereda de da Paz, 94
Álvaro Camargos
02510656 Vasconcelos / RJ",45,Viúvo
Dr. Luiz Miguel Nunes,"Loteamento Stella da Rosa, 60
Manacas
22484-171 Brito Alegre / RS",30,Solteiro
Dr. Mathias Cunha,"Distrito Lara Jesus
Distrito Industrial Do Jatoba
17418318 da Cruz do Amparo / PE",25,Solteiro
Pedro Lucas Araújo,"Vila Pires, 95
Paquetá
23627202 Pinto do Sul / MG",68,Casado
Antonella Pacheco,"Viela Peixoto, 94
Distrito Industrial Do Jatoba
66492369 Silva das Flores / GO",61,Divorciado
Alexia Camargo,"Sítio Lorenzo Casa Grande, 25
Confisco
54950-907 Sá / MA",42,Viúvo
Lara Rocha,"Favela Benjamim Carvalho, 6
Ápia
04739713 Viana / SC",50,Divorciado
Srta. Heloisa Fogaça,"Aeroporto Maysa Moura
Vila Fumec
35192-161 da Paz do Galho / CE",21,Casado
Lorena Gomes,"Avenida Maria Luiza Peixoto, 40
Acaba Mundo
89849-767 Mendes do Galho / SE",39,Viúvo
Marcela Leão,"Esplanada Olívia Dias, 8
Venda Nova
84384913 Mendes / CE",23,Solteiro
Clarice Gonçalves,"Feira de Vargas, 87
Caiçaras
27644-796 Duarte de Minas / RS",52,Divorciado
Henry Gabriel Macedo,"Aeroporto de Cardoso, 756
Vila Boa Vista
64989-861 Macedo de Aparecida / MG",50,Casado
Apollo Leão,"Núcleo Davi Melo, 91
Guaratã
52062-284 Farias / RO",20,Divorciado
Dr. Gabriel Castro,"Lago de Farias, 160
Grotinha
77851-367 Teixeira / RJ",81,Solteiro
Sr. João Pedro Borges,"Pátio de Fogaça, 91
Nova Granada
81274-742 Mendonça de Nascimento / MS",44,Viúvo
Isabelly Lopes,"Condomínio de Sampaio
Canaa
65371239 das Neves / PR",33,Viúvo
Mariah Ribeiro,"Distrito Maria Helena Viana, 250
Pindura Saia
22589862 Sá de da Costa / RS",28,Solteiro
Dom Castro,"Vila Vargas, 87
Camargos
42023953 Almeida / PB",37,Divorciado
Sophie Costela,"Fazenda Duarte, 56
Santo André
79358984 Cunha / PE",44,Casado
Joana Campos,"Conjunto Marques, 57
Vera Cruz
03237-722 Aragão Paulista / MT",47,Viúvo
João Felipe Nunes,"Feira Maria Laura Jesus, 70
Conjunto São Francisco De Assis
69257-812 Vieira das Flores / PA",71,Divorciado
Diogo Cavalcanti,"Via de Silveira, 91
Vila Nova Paraíso
58470626 Guerra / SP",61,Solteiro
Raquel Rezende,"Praça de Costela, 190
Vera Cruz
04811306 Fonseca / GO",27,Divorciado
Caio Moura,"Trevo de Moraes, 2
Gutierrez
39103-498 Fogaça / PE",64,Solteiro
Léo Sá,"Viaduto Ana Cecília Jesus, 83
Marieta 3ª Seção
21093-352 Farias / RR",52,Solteiro
Sr. Yago Campos,"Área Martins, 22
Independência
01780109 Moreira das Pedras / AL",70,Casado
Sr. Diogo Aragão,"Núcleo de Abreu, 45
Nossa Senhora Da Aparecida
36860484 Freitas / RS",20,Viúvo
Benjamin Ramos,"Quadra de Dias, 8
Nova Cintra
83947477 Fernandes do Campo / TO",19,Viúvo
Ana Vitória da Conceição,"Sítio Novais, 70
Vila São Rafael
93242-902 Barbosa / PB",88,Solteiro
Pedro Lucas Pinto,"Largo de da Paz
Vila Sumaré
04014568 Lopes Verde / RJ",63,Casado
Maria Sophia Pastor,"Feira Heloisa Castro, 66
João Pinheiro
53873-887 Rezende / PR",60,Viúvo
Vitor Fonseca,"Rua de Silva, 55
Santa Inês
91913886 Caldeira / RR",72,Divorciado
Sra. Lorena Câmara,"Aeroporto Alves, 59
São Paulo
54680-950 Farias / RO",89,Divorciado
Isabella Silva,"Alameda de Carvalho, 111
Camargos
09524-999 Sá / BA",41,Divorciado
Maria Sophia Ramos,"Vale de da Paz, 39
Alto Dos Pinheiros
41566414 da Cruz das Pedras / GO",27,Casado
Luiz Otávio Gomes,"Morro de Pastor
Garças
04151575 Moura Paulista / RO",20,Casado
Luigi Nogueira,"Vale Jade Nunes, 13
Senhor Dos Passos
31760-408 Sales do Oeste / GO",56,Solteiro
Rodrigo Silva,"Vale de Lopes, 53
Nossa Senhora Da Aparecida
90953-711 Cavalcante das Flores / RO",37,Viúvo
Sr. Davi Miguel da Mata,"Sítio Anthony Gabriel Nascimento, 2
Copacabana
05629341 Rezende de Fonseca / MS",48,Divorciado
Arthur Miguel Cunha,"Trecho de Barbosa, 7
Jardim Felicidade
26032873 Barros de Pires / SE",90,Viúvo
Evelyn da Luz,"Lago Farias
Coração Eucarístico
10207-544 Camargo / AM",65,Casado
Luana Moraes,"Residencial de Novaes, 76
Ápia
94215-116 Cirino da Serra / PA",42,Divorciado
Yuri Pacheco,"Conjunto Lucas Gabriel Almeida
Parque São José
61219-258 Novais de Barbosa / PI",67,Viúvo
Agatha Sampaio,"Vila Caldeira, 671
Nossa Senhora Do Rosário
35316-608 Cavalcanti / GO",67,Casado
Emilly Almeida,"Recanto Ravy Novais, 2
Leticia
70323-065 da Paz / PI",39,Solteiro
Marina Lima,"Loteamento Felipe Aragão, 95
Aguas Claras
88534051 Lima / AM",61,Casado
Ana Clara Cirino,"Alameda Abreu, 879
Jaqueline
93977669 Ramos das Flores / PI",88,Divorciado
Nicolas da Cunha,"Trevo Eduardo Novais, 15
Ribeiro De Abreu
29545-665 Machado / AC",35,Divorciado
Ravy Rezende,"Colônia Guerra, 27
Vila União
81839-108 da Cunha / SP",78,Casado
Lara Ribeiro,"Residencial Manuela Vargas, 2
Laranjeiras
22818499 Santos / RN",54,Divorciado
Sr. Matteo Castro,"Viela Câmara, 578
Bairro Das Indústrias Ii
82405-411 Castro / RN",88,Casado
Larissa Cardoso,"Vereda da Mota, 79
Santa Sofia
64514796 Rios do Oeste / RR",53,Divorciado
Sophia Montenegro,"Largo Yasmin Marques
Serrano
39629134 Dias do Campo / MA",71,Solteiro
Bryan Macedo,"Sítio de Sousa, 46
Goiania
95831263 Marques / SP",40,Casado
Laura Azevedo,"Estrada Castro, 638
Satelite
26733-733 Barbosa do Sul / PR",41,Solteiro
Ana Carolina Novais,"Parque de Aparecida, 38
Buraco Quente
66480-343 Pereira / AM",28,Viúvo
Sr. Breno da Rocha,"Conjunto de da Mota, 502
Gameleira
58847765 Marques / MG",33,Viúvo
Theo Fogaça,"Trevo de Novaes, 408
Vila Vista Alegre
98385-122 Souza de Minas / PA",55,Divorciado
Davi Miguel Marques,"Vereda de Rios, 7
Conjunto Bonsucesso
02780-973 Guerra / BA",69,Divorciado
Dra. Marina Barbosa,"Viaduto Novais, 7
São José
93003815 Fonseca das Flores / AC",35,Casado
Manuela Mendes,"Esplanada Cassiano, 87
Novo Glória
48695-077 Moraes / BA",68,Viúvo
Liz Câmara,"Núcleo Aparecida, 80
Monte Azul
68782705 Rezende / RR",90,Solteiro
Jade Fonseca,"Via Raul Machado, 763
Nossa Senhora Da Aparecida
56999290 Sousa / AM",53,Divorciado
Sr. Luiz Henrique Rios,"Trevo de Garcia, 60
Silveira
96805214 Sousa da Mata / MG",35,Viúvo
Benjamin Melo,"Conjunto Raul Pastor, 98
Providencia
34235-988 Correia das Pedras / SC",87,Divorciado
Alice da Rosa,"Vale Rocha, 33
Vila Betânia
87860544 Souza / GO",87,Viúvo
João Caldeira,"Rodovia de Vieira, 14
Apolonia
91943521 da Rosa / TO",66,Viúvo
Maysa Guerra,"Vale Sales, 8
Castelo
50705229 da Conceição de Minas / SE",27,Solteiro
Luísa Pinto,"Fazenda Silva
Vila Cemig
50288607 Sales do Sul / CE",22,Divorciado
Isadora Camargo,"Morro de da Cruz, 25
Nova Esperança
10530916 Gonçalves / RN",28,Viúvo
Sr. Benicio Melo,"Estrada de Ribeiro, 74
Vila Paraíso
72470-580 Azevedo de Mendes / PI",64,Casado
Aurora Dias,"Núcleo Benício Sales, 94
Universo
49511232 Rios / AL",32,Divorciado
Augusto Ferreira,"Sítio Aragão, 717
Santa Isabel
02732-574 Macedo das Pedras / RS",44,Casado
Dra. Beatriz da Cruz,"Favela de Sousa, 55
Vila Canto Do Sabiá
33874-140 da Mata / GO",76,Solteiro
Marcelo Moura,"Aeroporto Helena Ferreira, 73
Camargos
57128-276 Porto Grande / MG",46,Casado
Raquel da Conceição,"Ladeira Moraes
Vila Betânia
18720120 Costa de Rezende / SE",54,Solteiro
Melina Moura,"Alameda de Nunes, 92
Vila São Gabriel Jacui
64521-504 Câmara da Serra / AL",89,Divorciado
Murilo Porto,"Trevo Barros, 58
Olhos D'água
56584-138 Rios / MT",74,Solteiro
Maria Luísa Aparecida,"Vila Heloisa Melo, 57
Paulo Vi
97812-989 Marques do Sul / AC",85,Casado
Dr. Joaquim Vieira,"Lago de Fogaça, 497
Marçola
13680-405 Jesus / MT",63,Viúvo
Dr. Luiz Felipe Pacheco,"Praia da Cunha, 12
Madri
61807-428 da Paz da Prata / RO",81,Solteiro
Luara Cirino,"Rua Souza, 923
Califórnia
56021776 Porto da Mata / MT",46,Divorciado
Sra. Luiza Mendes,"Rua Samuel Mendes, 43
Vila Cloris
50952-900 Alves / RR",18,Viúvo
Ágatha Novaes,"Travessa Ian Rodrigues, 984
São Bento
95947776 Barbosa de da Cunha / MG",87,Casado
Ana Beatriz Pacheco,"Largo de Mendonça, 49
Havaí
07525985 Moura do Galho / RJ",53,Viúvo
Otávio Vieira,"Loteamento de Farias
São Pedro
93682-922 Melo Verde / AL",27,Solteiro
Pedro Lucas Camargo,"Lago de Sá, 108
Dona Clara
78899901 Andrade de Costa / SP",67,Divorciado
Sra. Alexia da Luz,"Estrada Heloisa Viana, 2
Itaipu
73021408 Pimenta de Minas / DF",51,Solteiro
Juliana Nascimento,"Trecho de Campos, 61
Boa Viagem
83210670 da Rosa das Pedras / GO",77,Casado
Stephany Moura,"Parque Esther Pastor, 468
Nossa Senhora De Fátima
76972-971 Cirino / MA",23,Solteiro
João Lucas Carvalho,"Pátio de Cunha, 74
São Damião
99183-733 Aragão de Abreu / PR",85,Viúvo
Maria Júlia Pimenta,"Avenida Otávio Cardoso, 14
Jardim Dos Comerciarios
27231226 Azevedo de Borges / ES",84,Divorciado
Samuel Rocha,"Avenida da Luz, 23
Silveira
03832-389 Macedo / TO",21,Divorciado
Antony Guerra,"Fazenda de Mendonça
Vila São Dimas
13369856 Silveira / SC",88,Divorciado
Danilo Casa Grande,"Recanto Albuquerque, 166
Novo Das Industrias
61942408 Albuquerque da Praia / TO",80,Divorciado
Vicente Novaes,"Distrito Azevedo, 32
Alta Tensão 2ª Seção
06841324 Duarte do Campo / PE",54,Solteiro
Ana Beatriz Garcia,"Trecho Moreira, 3
Paulo Vi
62497553 Araújo / CE",73,Divorciado
Luísa Teixeira,"Morro Francisco Barbosa, 310
Boa Vista
96417-377 da Conceição / BA",55,Solteiro
Larissa Freitas,"Aeroporto Nicolas Fernandes
Concórdia
30169-157 Carvalho das Flores / AL",78,Solteiro
Srta. Maria Júlia Sá,"Praia de da Cunha
Venda Nova
66960097 da Costa / SC",74,Divorciado
Daniel Nascimento,"Avenida de da Luz, 217
Barroca
03530-766 Abreu / CE",18,Solteiro
Maysa Barbosa,"Morro de Mendonça, 45
Milionario
84641021 Pereira / PI",55,Divorciado
Ayla da Mota,"Praia Silva, 59
Nova Suíça
80954-832 Camargo / ES",72,Divorciado
Sr. Lucca Cunha,"Vereda Ferreira, 96
Jaqueline
09374121 Silva da Mata / PE",88,Solteiro
Clarice Gomes,"Distrito Daniela Pacheco, 6
Vila Atila De Paiva
02572859 Martins / AC",54,Casado
Rebeca Sampaio,"Morro de Souza, 436
Vista Do Sol
13038919 Mendonça de Pereira / MA",44,Divorciado
Fernando Pastor,"Morro Gonçalves
Jardim Atlântico
31477526 Novaes / PB",57,Divorciado
Dr. Eduardo Moraes,"Recanto de da Cruz, 156
Aeroporto
20776-084 Sales do Galho / BA",76,Divorciado
Alexia Vargas,"Morro de Castro, 95
Vila Rica
64763-008 Rodrigues / CE",22,Casado
Evelyn Barbosa,"Loteamento de Cavalcante, 5
Cidade Jardim
75822-850 Machado / SE",84,Viúvo
Natália Costa,"Praia de Almeida, 92
Conjunto Santa Maria
74118128 Castro / CE",75,Solteiro
Maria Júlia Albuquerque,"Morro Brito
Conjunto Paulo Vi
19679-500 Pinto / RN",90,Solteiro
Raquel Almeida,"Viaduto Azevedo
São Vicente
65009379 Teixeira das Flores / BA",39,Casado
Ana Julia Guerra,"Vereda Lunna Moraes
Guarani
40200787 Rocha / MA",90,Casado
Stephany Fernandes,"Chácara Liz Azevedo, 616
Ernesto Nascimento
06930-050 da Conceição / PB",78,Casado
Otávio Nascimento,"Trevo de Cavalcante, 36
Vila Tirol
66991767 Araújo / RN",81,Solteiro
Ana Júlia Araújo,"Campo Cirino, 12
Solimoes
12850-616 Peixoto da Serra / RR",64,Solteiro
Luiz Otávio da Mata,"Trecho de Vasconcelos
Boa União 2ª Seção
44586323 Monteiro / AC",19,Casado
Maria Fernanda Rezende,"Vila Pimenta, 36
Vale Do Jatoba
63779-599 Barbosa / MT",22,Solteiro
Heloísa Jesus,"Núcleo de Macedo, 74
Horto Florestal
93010431 Cirino das Flores / MA",54,Viúvo
Ravy Silveira,"Distrito Maria Clara Teixeira, 55
Bernadete
37945-662 Fernandes das Flores / TO",61,Divorciado
Dra. Ísis Silva,"Jardim Benjamin Sales
Flavio De Oliveira
32904239 Leão da Mata / RJ",89,Divorciado
Matheus Sá,"Quadra Leão, 48
Vila De Sá
90096-135 Novais Grande / DF",78,Solteiro
Thales Marques,"Lago de Correia, 26
Silveira
18655-728 Pacheco Alegre / MT",60,Viúvo
Enrico Ramos,"Área Maria Fernanda Viana, 62
Jardim Atlântico
70321-108 Correia de Fonseca / PA",61,Viúvo
Zoe Carvalho,"Viela Cauã Teixeira, 9
Barão Homem De Melo 1ª Seção
41831480 Souza do Norte / PR",29,Casado
Maitê Duarte,"Parque Pereira, 77
Tiradentes
58601-989 Novais / AP",89,Solteiro
Levi Fonseca,"Praia Emanuella Correia, 27
São Luiz
60854429 Fonseca da Serra / CE",23,Divorciado
Srta. Yasmin Casa Grande,"Viaduto Emanuel Sampaio, 8
Santa Cruz
77808952 Brito Alegre / DF",20,Solteiro
Dra. Daniela Viana,"Conjunto Rocha, 53
Estoril
60448053 Freitas / MT",66,Solteiro
Dr. Thales Moura,"Rua de Costa, 674
Nossa Senhora Do Rosário
77921512 Cunha / MS",47,Casado
Marcos Vinicius Araújo,"Viela Albuquerque, 91
Vila Da Paz
68354407 Lima das Flores / RN",28,Viúvo
Dr. Ryan Caldeira,"Travessa de Cassiano
Palmares
02005-884 Gomes da Praia / AM",38,Divorciado
Dra. Ana Carolina Caldeira,"Loteamento Bruna Ramos, 66
Vila São Paulo
78499-945 Siqueira / PE",67,Viúvo
Cauã Correia,"Núcleo Valentina Martins, 9
Santa Terezinha
84014-616 Caldeira do Oeste / AP",80,Divorciado
Ana Liz Gomes,"Feira Helena da Paz, 84
Vila Independencia 2ª Seção
15959-017 Viana de Goiás / TO",26,Divorciado
Vitória Câmara,"Pátio Abreu, 20
Grota
62200-453 Vargas do Oeste / ES",30,Casado
Juliana Macedo,"Via Aylla Ribeiro
Buritis
77148794 Lima / AM",35,Viúvo
Stephany Caldeira,"Rodovia Erick Rezende, 54
Mariano De Abreu
37606750 Peixoto de Santos / TO",68,Solteiro
Apollo Vasconcelos,"Esplanada Luiz Felipe Siqueira, 12
Paquetá
65849338 Cunha / MG",51,Viúvo
Breno Leão,"Fazenda Cavalcante, 68
Manacas
04613132 Ramos de Lopes / PE",37,Divorciado
Mariana Lima,"Loteamento Moraes, 86
Conjunto Serra Verde
92117841 Cassiano das Flores / MT",26,Solteiro
Arthur das Neves,"Alameda Cardoso, 831
Vila Batik
19439086 Macedo dos Dourados / RO",86,Viúvo
Laís Fogaça,"Largo Eduarda da Mata, 5
Piraja
02309950 Almeida do Norte / GO",68,Solteiro
Mateus Peixoto,"Vereda de Teixeira
Nazare
60762-833 Machado do Galho / RN",51,Solteiro
Evelyn Gonçalves,"Chácara da Cruz, 98
Primeiro De Maio
68316-750 Montenegro / MG",31,Viúvo
Bella Duarte,"Vila de Almeida, 48
Vila Suzana Primeira Seção
41178-993 Cassiano / AM",56,Solteiro
Sr. Caio Almeida,"Vila Luiz Miguel da Paz, 3
Goiania
01205-812 da Cruz de Novaes / BA",87,Divorciado
Ana Lívia Barbosa,"Passarela Rafael da Mota, 616
Bela Vitoria
72852-362 Correia de Teixeira / BA",82,Viúvo
Sr. Davi Porto,"Travessa de Guerra, 50
Paulo Vi
50798583 Caldeira das Flores / RJ",37,Solteiro
Pietra Gonçalves,"Passarela Ágatha Pinto, 4
Vista Do Sol
30847-863 Farias / AL",75,Casado
Sr. João Guilherme Duarte,"Passarela de Silveira, 90
Pedreira Padro Lopes
99560183 da Rosa de Rocha / DF",78,Viúvo
Davi Luiz Santos,"Recanto João Lucas Machado, 4
Nova Floresta
58621-460 Câmara Alegre / SE",29,Solteiro
Lívia Camargo,"Lago Azevedo, 62
Vila Independencia 1ª Seção
36971-985 Melo / AL",74,Viúvo
Allana Dias,"Conjunto Pereira, 55
Anchieta
24930-667 Silveira / PE",62,Solteiro
Ísis Campos,"Favela de Garcia, 82
Marçola
40919011 Aparecida / AP",20,Viúvo
Sr. Théo Marques,"Área da Rosa, 38
Belvedere
98916-067 Andrade / BA",42,Solteiro
Otávio Silveira,"Avenida Marcelo Almeida
Planalto
94787862 Macedo da Serra / MS",34,Casado
Srta. Laís Pastor,"Chácara de Oliveira, 43
Vila Nova Cachoeirinha 3ª Seção
86724-998 Novaes da Mata / MG",54,Solteiro
Kamilly Costela,"Conjunto Cardoso, 40
Vila Pinho
63388552 Monteiro do Galho / DF",43,Casado
Ana Laura Almeida,"Estação de Pinto, 41
Sion
78339-332 Cirino / PR",76,Divorciado
Ryan da Mata,"Praia da Rocha, 3
Horto Florestal
85648179 Gonçalves / MS",20,Casado
Noah Pacheco,"Avenida Câmara, 74
Vila Puc
55126974 Nascimento / ES",85,Solteiro
Davi Moreira,"Via Emanuella Freitas, 36
Vila São Francisco
84726-204 Azevedo / MG",24,Solteiro
Elisa Sampaio,"Distrito Caldeira, 507
Vila Trinta E Um De Março
56532-060 Viana da Serra / SP",42,Solteiro
João Vieira,"Distrito Yasmin Pastor, 26
Monsenhor Messias
30622096 Câmara dos Dourados / DF",35,Viúvo
Amanda Cavalcante,"Lagoa de Nunes, 83
Floresta
34605-869 Jesus do Campo / PE",53,Divorciado
Milena Santos,"Trevo Stella Dias
Ipiranga
16735250 da Cunha / MG",51,Viúvo
Hellena Machado,"Morro Melissa Barros
Novo São Lucas
69261-444 Guerra de Sousa / PB",23,Casado
Vitor Hugo Barbosa,"Lago Evelyn Moraes, 58
Santa Helena
23188328 Cirino / PA",53,Casado
Pietra Caldeira,"Chácara Isabel Aragão, 3
Vila Pilar
90184499 Vieira / RS",41,Viúvo
Ana Lívia Campos,"Lagoa Aragão
Ápia
56766-760 da Costa / RJ",75,Casado
Dr. Marcos Vinicius Lima,"Conjunto Machado, 450
Vila Suzana Primeira Seção
13336635 Melo / SC",72,Viúvo
Kevin Freitas,"Sítio Mathias Vasconcelos, 21
Santa Margarida
65164-637 Jesus / PI",89,Viúvo
Sofia Duarte,"Via Nathan Vargas, 92
São Gonçalo
71803683 Câmara do Galho / TO",44,Casado
Luara Novaes,"Travessa Sousa, 683
Camargos
16287-377 Aragão de Brito / PR",28,Divorciado
